time_s,roll_deg,pitch_deg,yaw_deg,az_deg,el_deg,pointing_error_deg,fixed_error_deg,gimbal_margin_db,fixed_margin_db,gimbal_link_ok,fixed_link_ok,blocked,reachable,payload_temp_c,payload_bus_w,payload_energy_wh,az_torque_nm,el_torque_nm,landing_locked,lander_temp_c,lander_energy_wh,host_rf_dc_w,ground_clearance_m,packaging_fits,blocked_reason,touchdown_vibration_deg,rf_theta_deg,rf_phi_deg,directional_gain_dbi,s11_db,vswr,axial_ratio_db,polarization_loss_db,received_dbm,noise_dbm,cn_db,occupied_bandwidth_khz,bandwidth_pass,frequency_supported
0,0,0,0,12,25,0,0,7.256644,7.256644,1,1,0,1,15,0,0,0,0,1,15,0,0,2.038832,1,,0,0,201.801409,5.2,-10,1.924951,3,0.5,-129.321923,-128.599167,-0.722756,5.4,1,1
0.04,0,0,0,12,25,0,0,7.256644,7.256644,1,1,0,1,14.999849,17.736134,0.000197,0,0,1,15.000084,0.000197,14.285714,2.038832,1,,0,0,201.801409,5.2,-10,1.924951,3,0.5,-129.321923,-128.599167,-0.722756,5.4,1,1
0.08,0,0,0,12,25,0,0,7.256644,7.256644,1,1,0,1,14.999698,17.736134,0.000394,0,0,1,15.000168,0.000394,14.285714,2.038832,1,,0,0,201.801409,5.2,-10,1.924951,3,0.5,-129.321923,-128.599167,-0.722756,5.4,1,1
0.12,0,0,0,12,25,0,0,7.256644,7.256644,1,1,0,1,14.999547,17.736134,0.000591,0,0,1,15.000252,0.000591,14.285714,2.038832,1,,0,0,201.801409,5.2,-10,1.924951,3,0.5,-129.321923,-128.599167,-0.722756,5.4,1,1
0.16,0,0,0,12,25,0,0,7.256644,7.256644,1,1,0,1,14.999397,17.736134,0.000788,0,0,1,15.000335,0.000788,14.285714,2.038832,1,,0,0,201.801409,5.2,-10,1.924951,3,0.5,-129.321923,-128.599167,-0.722756,5.4,1,1
0.2,0,0,0,12,25,0,0,7.256644,7.256644,1,1,0,1,14.999246,17.736134,0.000985,0,0,1,15.000419,0.000985,14.285714,2.038832,1,,0,0,201.801409,5.2,-10,1.924951,3,0.5,-129.321923,-128.599167,-0.722756,5.4,1,1
0.24,0,0,0,12,25,0,0,7.256644,7.256644,1,1,0,1,14.999095,17.736134,0.001182,0,0,1,15.000503,0.001182,14.285714,2.038832,1,,0,0,201.801409,5.2,-10,1.924951,3,0.5,-129.321923,-128.599167,-0.722756,5.4,1,1
0.28,0,0,0,12,25,0,0,7.256644,7.256644,1,1,0,1,14.998944,17.736134,0.001379,0,0,1,15.000587,0.001379,14.285714,2.038832,1,,0,0,201.801409,5.2,-10,1.924951,3,0.5,-129.321923,-128.599167,-0.722756,5.4,1,1
0.32,0,0,0,12,25,0,0,7.256644,7.256644,1,1,0,1,14.998794,17.736134,0.001577,0,0,1,15.000671,0.001577,14.285714,2.038832,1,,0,0,201.801409,5.2,-10,1.924951,3,0.5,-129.321923,-128.599167,-0.722756,5.4,1,1
0.36,0,0,0,12,25,0,0,7.256644,7.256644,1,1,0,1,14.998643,17.736134,0.001774,0,0,1,15.000755,0.001774,14.285714,2.038832,1,,0,0,201.801409,5.2,-10,1.924951,3,0.5,-129.321923,-128.599167,-0.722756,5.4,1,1
0.4,0,0,0,12,25,0,0,7.256644,7.256644,1,1,0,1,14.998492,17.736134,0.001971,0,0,1,15.000839,0.001971,14.285714,2.038832,1,,0,0,201.801409,5.2,-10,1.924951,3,0.5,-129.321923,-128.599167,-0.722756,5.4,1,1
0.44,0,0,0,12,25,0,0,7.256644,7.256644,1,1,0,1,14.998341,17.736134,0.002168,0,0,1,15.000922,0.002168,14.285714,2.038832,1,,0,0,201.801409,5.2,-10,1.924951,3,0.5,-129.321923,-128.599167,-0.722756,5.4,1,1
0.48,0,0,0,12,25,0,0,7.256644,7.256644,1,1,0,1,14.99819,17.736134,0.002365,0,0,1,15.001006,0.002365,14.285714,2.038832,1,,0,0,201.801409,5.2,-10,1.924951,3,0.5,-129.321923,-128.599167,-0.722756,5.4,1,1
0.52,0,0,0,12,25,0,0,7.256644,7.256644,1,1,0,1,14.99804,17.736134,0.002562,0,0,1,15.00109,0.002562,14.285714,2.038832,1,,0,0,201.801409,5.2,-10,1.924951,3,0.5,-129.321923,-128.599167,-0.722756,5.4,1,1
0.56,0,0,0,12,25,0,0,7.256644,7.256644,1,1,0,1,14.997889,17.736134,0.002759,0,0,1,15.001174,0.002759,14.285714,2.038832,1,,0,0,201.801409,5.2,-10,1.924951,3,0.5,-129.321923,-128.599167,-0.722756,5.4,1,1
0.6,0,0,0,12,25,0,0,7.256644,7.256644,1,1,0,1,14.997738,17.736134,0.002956,0,0,1,15.001258,0.002956,14.285714,2.038832,1,,0,0,201.801409,5.2,-10,1.924951,3,0.5,-129.321923,-128.599167,-0.722756,5.4,1,1
0.64,0,0,0,12,25,0,0,7.256644,7.256644,1,1,0,1,14.997588,17.736134,0.003153,0,0,1,15.001342,0.003153,14.285714,2.038832,1,,0,0,201.801409,5.2,-10,1.924951,3,0.5,-129.321923,-128.599167,-0.722756,5.4,1,1
0.68,0,0,0,12,25,0,0,7.256644,7.256644,1,1,0,1,14.997437,17.736134,0.00335,0,0,1,15.001425,0.00335,14.285714,2.038832,1,,0,0,201.801409,5.2,-10,1.924951,3,0.5,-129.321923,-128.599167,-0.722756,5.4,1,1
0.72,0,0,0,12,25,0,0,7.256644,7.256644,1,1,0,1,14.997286,17.736134,0.003547,0,0,1,15.001509,0.003547,14.285714,2.038832,1,,0,0,201.801409,5.2,-10,1.924951,3,0.5,-129.321923,-128.599167,-0.722756,5.4,1,1
0.76,0,0,0,12,25,0,0,7.256644,7.256644,1,1,0,1,14.997136,17.736134,0.003744,0,0,1,15.001593,0.003744,14.285714,2.038832,1,,0,0,201.801409,5.2,-10,1.924951,3,0.5,-129.321923,-128.599167,-0.722756,5.4,1,1
0.8,0,0,0,12,25,0,0,7.256644,7.256644,1,1,0,1,14.996985,17.736134,0.003941,0,0,1,15.001677,0.003941,14.285714,2.038832,1,,0,0,201.801409,5.2,-10,1.924951,3,0.5,-129.321923,-128.599167,-0.722756,5.4,1,1
0.84,0,0,0,12,25,0,0,7.256644,7.256644,1,1,0,1,14.996834,17.736134,0.004138,0,0,1,15.001761,0.004138,14.285714,2.038832,1,,0,0,201.801409,5.2,-10,1.924951,3,0.5,-129.321923,-128.599167,-0.722756,5.4,1,1
0.88,0,0,0,12,25,0,0,7.256644,7.256644,1,1,0,1,14.996684,17.736134,0.004335,0,0,1,15.001845,0.004335,14.285714,2.038832,1,,0,0,201.801409,5.2,-10,1.924951,3,0.5,-129.321923,-128.599167,-0.722756,5.4,1,1
0.92,0,0,0,12,25,0,0,7.256644,7.256644,1,1,0,1,14.996533,17.736134,0.004533,0,0,1,15.001928,0.004533,14.285714,2.038832,1,,0,0,201.801409,5.2,-10,1.924951,3,0.5,-129.321923,-128.599167,-0.722756,5.4,1,1
0.96,0,0,0,12,25,0,0,7.256644,7.256644,1,1,0,1,14.996382,17.736134,0.00473,0,0,1,15.002012,0.00473,14.285714,2.038832,1,,0,0,201.801409,5.2,-10,1.924951,3,0.5,-129.321923,-128.599167,-0.722756,5.4,1,1
1,0,0,0,12,25,0,0,7.256644,7.256644,1,1,0,1,14.996232,17.736134,0.004927,0,0,1,15.002096,0.004927,14.285714,2.038832,1,,0,0,201.801409,5.2,-10,1.924951,3,0.5,-129.321923,-128.599167,-0.722756,5.4,1,1
1.04,0,0,0,12,25,0,0,7.256644,7.256644,1,1,0,1,14.996081,17.736134,0.005124,0,0,1,15.00218,0.005124,14.285714,2.038832,1,,0,0,201.801409,5.2,-10,1.924951,3,0.5,-129.321923,-128.599167,-0.722756,5.4,1,1
1.08,0,0,0,12,25,0,0,7.256644,7.256644,1,1,0,1,14.99593,17.736134,0.005321,0,0,1,15.002264,0.005321,14.285714,2.038832,1,,0,0,201.801409,5.2,-10,1.924951,3,0.5,-129.321923,-128.599167,-0.722756,5.4,1,1
1.12,0,0,0,12,25,0,0,7.256644,7.256644,1,1,0,1,14.99578,17.736134,0.005518,0,0,1,15.002348,0.005518,14.285714,2.038832,1,,0,0,201.801409,5.2,-10,1.924951,3,0.5,-129.321923,-128.599167,-0.722756,5.4,1,1
1.16,0,0,0,12,25,0,0,7.256644,7.256644,1,1,0,1,14.995629,17.736134,0.005715,0,0,1,15.002431,0.005715,14.285714,2.038832,1,,0,0,201.801409,5.2,-10,1.924951,3,0.5,-129.321923,-128.599167,-0.722756,5.4,1,1
1.2,0,0,0,12,25,0,0,7.256644,7.256644,1,1,0,1,14.995479,17.736134,0.005912,0,0,1,15.002515,0.005912,14.285714,2.038832,1,,0,0,201.801409,5.2,-10,1.924951,3,0.5,-129.321923,-128.599167,-0.722756,5.4,1,1
1.24,0,0,0,12,25,0,0,7.256644,7.256644,1,1,0,1,14.995328,17.736134,0.006109,0,0,1,15.002599,0.006109,14.285714,2.038832,1,,0,0,201.801409,5.2,-10,1.924951,3,0.5,-129.321923,-128.599167,-0.722756,5.4,1,1
1.28,0,0,0,12,25,0,0,7.256644,7.256644,1,1,0,1,14.995178,17.736134,0.006306,0,0,1,15.002683,0.006306,14.285714,2.038832,1,,0,0,201.801409,5.2,-10,1.924951,3,0.5,-129.321923,-128.599167,-0.722756,5.4,1,1
1.32,0,0,0,12,25,0,0,7.256644,7.256644,1,1,0,1,14.995027,17.736134,0.006503,0,0,1,15.002767,0.006503,14.285714,2.038832,1,,0,0,201.801409,5.2,-10,1.924951,3,0.5,-129.321923,-128.599167,-0.722756,5.4,1,1
1.36,0,0,0,12,25,0,0,7.256644,7.256644,1,1,0,1,14.994877,17.736134,0.0067,0,0,1,15.002851,0.0067,14.285714,2.038832,1,,0,0,201.801409,5.2,-10,1.924951,3,0.5,-129.321923,-128.599167,-0.722756,5.4,1,1
1.4,0,0,0,12,25,0,0,7.256644,7.256644,1,1,0,1,14.994726,17.736134,0.006897,0,0,1,15.002934,0.006897,14.285714,2.038832,1,,0,0,201.801409,5.2,-10,1.924951,3,0.5,-129.321923,-128.599167,-0.722756,5.4,1,1
1.44,0,0,0,12,25,0,0,7.256644,7.256644,1,1,0,1,14.994576,17.736134,0.007094,0,0,1,15.003018,0.007094,14.285714,2.038832,1,,0,0,201.801409,5.2,-10,1.924951,3,0.5,-129.321923,-128.599167,-0.722756,5.4,1,1
1.48,0,0,0,12,25,0,0,7.256644,7.256644,1,1,0,1,14.994425,17.736134,0.007292,0,0,1,15.003102,0.007292,14.285714,2.038832,1,,0,0,201.801409,5.2,-10,1.924951,3,0.5,-129.321923,-128.599167,-0.722756,5.4,1,1
1.52,0,0,0,12,25,0,0,7.256644,7.256644,1,1,0,1,14.994275,17.736134,0.007489,0,0,1,15.003186,0.007489,14.285714,2.038832,1,,0,0,201.801409,5.2,-10,1.924951,3,0.5,-129.321923,-128.599167,-0.722756,5.4,1,1
1.56,0,0,0,12,25,0,0,7.256644,7.256644,1,1,0,1,14.994124,17.736134,0.007686,0,0,1,15.00327,0.007686,14.285714,2.038832,1,,0,0,201.801409,5.2,-10,1.924951,3,0.5,-129.321923,-128.599167,-0.722756,5.4,1,1
1.6,0,0,0,12,25,0,0,7.256644,7.256644,1,1,0,1,14.993974,17.736134,0.007883,0,0,1,15.003354,0.007883,14.285714,2.038832,1,,0,0,201.801409,5.2,-10,1.924951,3,0.5,-129.321923,-128.599167,-0.722756,5.4,1,1
1.64,0,0,0,12,25,0,0,7.256644,7.256644,1,1,0,1,14.993823,17.736134,0.00808,0,0,1,15.003437,0.00808,14.285714,2.038832,1,,0,0,201.801409,5.2,-10,1.924951,3,0.5,-129.321923,-128.599167,-0.722756,5.4,1,1
1.68,0,0,0,12,25,0,0,7.256644,7.256644,1,1,0,1,14.993673,17.736134,0.008277,0,0,1,15.003521,0.008277,14.285714,2.038832,1,,0,0,201.801409,5.2,-10,1.924951,3,0.5,-129.321923,-128.599167,-0.722756,5.4,1,1
1.72,0,0,0,12,25,0,0,7.256644,7.256644,1,1,0,1,14.993522,17.736134,0.008474,0,0,1,15.003605,0.008474,14.285714,2.038832,1,,0,0,201.801409,5.2,-10,1.924951,3,0.5,-129.321923,-128.599167,-0.722756,5.4,1,1
1.76,0,0,0,12,25,0,0,7.256644,7.256644,1,1,0,1,14.993372,17.736134,0.008671,0,0,1,15.003689,0.008671,14.285714,2.038832,1,,0,0,201.801409,5.2,-10,1.924951,3,0.5,-129.321923,-128.599167,-0.722756,5.4,1,1
1.8,0,0,0,12,25,0,0,7.256644,7.256644,1,1,0,1,14.993221,17.736134,0.008868,0,0,1,15.003773,0.008868,14.285714,2.038832,1,,0,0,201.801409,5.2,-10,1.924951,3,0.5,-129.321923,-128.599167,-0.722756,5.4,1,1
1.84,0,0,0,12,25,0,0,7.256644,7.256644,1,1,0,1,14.993071,17.736134,0.009065,0,0,1,15.003857,0.009065,14.285714,2.038832,1,,0,0,201.801409,5.2,-10,1.924951,3,0.5,-129.321923,-128.599167,-0.722756,5.4,1,1
1.88,0,0,0,12,25,0,0,7.256644,7.256644,1,1,0,1,14.99292,17.736134,0.009262,0,0,1,15.00394,0.009262,14.285714,2.038832,1,,0,0,201.801409,5.2,-10,1.924951,3,0.5,-129.321923,-128.599167,-0.722756,5.4,1,1
1.92,0,0,0,12,25,0,0,7.256644,7.256644,1,1,0,1,14.99277,17.736134,0.009459,0,0,1,15.004024,0.009459,14.285714,2.038832,1,,0,0,201.801409,5.2,-10,1.924951,3,0.5,-129.321923,-128.599167,-0.722756,5.4,1,1
1.96,0,0,0,12,25,0,0,7.256644,7.256644,1,1,0,1,14.99262,17.736134,0.009656,0,0,1,15.004108,0.009656,14.285714,2.038832,1,,0,0,201.801409,5.2,-10,1.924951,3,0.5,-129.321923,-128.599167,-0.722756,5.4,1,1
2,0,0,0,12,25,0,0,7.256644,7.256644,1,1,0,1,14.992469,17.736134,0.009853,0,0,1,15.004192,0.009853,14.285714,2.038832,1,,0,0.000001,67.750976,5.2,-10,1.924951,3,0.5,-129.321923,-128.599167,-0.722756,5.4,1,1
2.04,0.412891,0.510042,0.016763,12,25,0.459839,0.459839,7.256365,7.256365,1,1,0,1,14.992319,17.736134,0.01005,0,0,1,15.004276,0.01005,14.285714,2.067131,1,,0.646243,0.459839,63.715401,5.19972,-10,1.924951,3,0.5,-129.322202,-128.599167,-0.723035,5.4,1,1
2.08,0.631968,0.353737,0.065839,12,25,0.318052,0.318052,7.256511,7.256511,1,1,0,1,14.992169,17.736134,0.010248,0,0,1,15.004359,0.010248,14.285714,2.07463,1,,0.888682,0.318052,42.205693,5.199866,-10,1.924951,3,0.5,-129.322056,-128.599167,-0.722889,5.4,1,1
2.12,0.606053,-0.534872,0.145408,12,25,0.652287,0.652287,7.256082,7.256082,1,1,0,1,14.992018,17.736134,0.010445,0,0,1,15.004443,0.010445,14.285714,2.088444,1,,0.646568,0.652287,275.869481,5.199437,-10,1.924951,3,0.5,-129.322486,-128.599167,-0.723319,5.4,1,1
2.16,0.439888,-1.961869,0.253649,12,25,2.022976,2.022976,7.251229,7.251229,1,1,0,1,14.991868,17.736134,0.010642,0,0,1,15.004527,0.010642,14.285714,2.136481,1,,0.099026,2.022976,263.536528,5.194585,-10,1.924951,3,0.5,-129.327338,-128.599167,-0.728171,5.4,1,1
2.2,0.320982,-3.5954,0.388741,12,25,3.625354,3.625354,7.239245,7.239245,1,1,0,1,14.991717,17.736134,0.010839,0,0,1,15.004611,0.010839,14.285714,2.192714,1,,-0.436881,3.625354,261.549237,5.182601,-10,1.924951,3,0.5,-129.339322,-128.599167,-0.740155,5.4,1,1
2.24,0.411566,-5.145737,0.548864,12,25,5.181831,5.181831,7.221073,7.221073,1,1,0,1,14.991567,17.736134,0.011036,0,0,1,15.004695,0.011036,14.285714,2.254115,1,,-0.686217,5.181831,261.451566,5.164429,-10,1.924951,3,0.5,-129.357494,-128.599167,-0.758327,5.4,1,1
2.28,0.765962,-6.503,0.732198,12,25,6.590991,6.590991,7.199047,7.199047,1,1,0,1,14.991417,17.736134,0.011233,0,0,1,15.004779,0.011233,14.285714,2.319512,1,,-0.553892,6.590991,261.893729,5.142403,-10,1.924951,3,0.5,-129.37952,-128.599167,-0.780353,5.4,1,1
2.32,1.313545,-7.765556,0.936922,12,25,7.939359,7.939359,7.172987,7.172987,1,1,0,1,14.991267,17.736134,0.01143,0,0,1,15.004862,0.01143,14.285714,2.389231,1,,-0.153064,7.939359,262.367103,5.116343,-10,1.924951,3,0.5,-129.40558,-128.599167,-0.806413,5.4,1,1
2.36,1.908588,-9.15694,1.161216,12,25,9.424416,9.424416,7.138608,7.138608,1,1,0,1,14.991116,17.736134,0.011627,0,0,1,15.004946,0.011627,14.285714,2.463931,1,,0.27794,9.424416,262.594103,5.081964,-10,1.924951,3,0.5,-129.439959,-128.599167,-0.840792,5.4,1,1
2.4,2.413206,-10.887619,1.403259,12,25,11.231739,11.231739,7.088673,7.088673,1,1,0,1,14.990966,17.736134,0.011824,0,0,1,15.00503,0.011824,14.285714,2.543391,1,,0.513862,11.231739,262.495288,5.032029,-10,1.924951,3,0.5,-129.489894,-128.599167,-0.890727,5.4,1,1
2.44,2.766304,-13.040077,1.661231,12,25,13.433815,13.433815,7.015677,7.015677,1,1,0,1,14.990816,17.736134,0.012021,0,0,1,15.005114,0.012021,14.285714,2.626178,1,,0.457428,13.433815,262.191187,4.959033,-10,1.924951,3,0.5,-129.56289,-128.599167,-0.963723,5.4,1,1
2.48,3.004348,-15.534193,1.933312,12,25,15.958359,15.958359,6.915285,6.915285,1,1,0,1,14.990665,17.736134,0.012218,0,0,1,15.005198,0.012218,14.285714,2.709345,1,,0.173967,15.958359,261.861866,4.85864,-10,1.924951,3,0.5,-129.663282,-128.599167,-1.064115,5.4,1,1
2.52,3.229038,-18.181126,2.217681,12,25,18.634755,18.634755,6.788914,6.788914,1,1,0,1,14.990515,17.736134,0.012415,0,0,1,15.005281,0.012415,14.285714,2.79045,1,,-0.162471,18.634755,261.598396,4.73227,-10,1.924951,3,0.5,-129.789653,-128.599167,-1.190486,5.4,1,1
2.56,3.545215,-20.786799,2.512517,12,25,21.286479,21.286479,6.642883,6.642883,1,1,0,1,14.990365,17.736134,0.012612,0,0,1,15.005365,0.012612,14.285714,2.868218,1,,-0.372601,21.286479,261.384067,4.586239,-10,1.924951,3,0.5,-129.935684,-128.599167,-1.336517,5.4,1,1
2.6,4.004963,-23.245062,2.816,12,25,23.815317,23.815317,6.483659,6.483659,1,1,0,1,14.990215,17.736134,0.012809,0,0,1,15.005449,0.012809,14.285714,2.942414,1,,-0.365062,23.815317,261.161238,4.427015,-10,1.924951,3,0.5,-130.094908,-128.599167,-1.495741,5.4,1,1
2.64,4.586142,-25.573473,3.12631,12,25,26.234167,26.234167,6.312444,6.312444,1,1,0,1,14.990064,17.736134,0.013006,0,0,1,15.005533,0.013006,14.285714,3.01285,1,,-0.172205,26.234167,260.892133,4.2558,-10,1.924951,3,0.5,-130.266123,-128.599167,-1.666956,5.4,1,1
2.68,5.21206,-27.880511,3.441626,12,25,28.638304,28.638304,6.123198,6.123198,1,1,0,1,14.989914,17.736134,0.013204,0,0,1,15.005617,0.013204,14.285714,3.078597,1,,0.082701,28.638304,260.578128,4.066553,-10,1.924951,3,0.5,-130.455369,-128.599167,-1.856202,5.4,1,1
2.72,5.796765,-30.290085,3.760128,12,25,31.137946,31.137946,5.905357,5.905357,1,1,0,1,14.989764,17.736134,0.013401,0,0,1,15.0057,0.013401,14.285714,3.137924,1,,0.260955,31.137946,260.24817,3.848712,-10,1.924951,3,0.5,-130.67321,-128.599167,-2.074043,5.4,1,1
2.76,6.289116,-32.86809,4.079995,12,25,33.791674,33.791674,5.649347,5.649347,1,1,0,1,14.989614,17.736134,0.013598,0,0,1,15.005784,0.013598,14.285714,3.188908,1,,0.281872,33.791674,259.935645,3.592703,-10,1.924951,3,0.5,-130.92922,-128.599167,-2.330053,5.4,1,1
2.8,6.692974,-35.588747,4.399407,12,25,36.575045,36.575045,5.351789,5.351789,1,1,0,1,14.989464,17.736134,0.013795,0,0,1,15.005868,0.013795,14.285714,3.230316,1,,0.156438,36.575045,259.656405,3.295145,-10,1.924951,3,0.5,-131.226778,-128.599167,-2.627611,5.4,1,1
2.84,7.056272,-38.352826,4.716544,12,25,39.396321,39.396321,5.017698,5.017698,1,1,0,1,14.989313,17.736134,0.013992,0,0,1,15.005952,0.013992,14.285714,3.262239,1,,-0.030906,39.396321,259.398567,2.961054,-10,1.924951,3,0.5,-131.560869,-128.599167,-2.961702,5.4,1,1
2.88,7.438866,-41.041226,5.029585,12,25,42.144989,42.144989,4.658272,4.658272,1,1,0,1,14.989163,17.736134,0.014189,0,0,1,15.006036,0.014189,14.285714,3.285983,1,,-0.175852,42.144989,259.131266,2.601628,-10,1.924951,3,0.5,-131.920295,-128.599167,-3.321128,5.4,1,1
2.92,7.878714,-43.571341,5.336709,12,25,44.743324,44.743324,4.285082,4.285082,1,1,0,1,14.989013,17.736134,0.014386,0,0,1,15.006119,0.014386,14.285714,3.303193,1,,-0.210582,44.743324,258.826668,2.228438,-10,1.924951,3,0.5,-132.293485,-128.599167,-3.694318,5.4,1,1
2.96,8.374112,-45.926666,5.636096,12,25,47.173848,47.173848,3.903963,3.903963,1,1,0,1,14.988863,17.736134,0.014583,0,0,1,15.006203,0.014583,14.285714,3.314841,1,,-0.133386,47.173848,258.478986,1.847318,-10,1.924951,3,0.5,-132.674604,-128.599167,-4.075437,5.4,1,1
3,8.888889,-48.148148,5.925926,12,25,49.471956,49.471956,,,0,0,1,1,14.988713,17.736134,0.01478,0,0,1,15.006287,0.01478,14.285714,3.320776,1,LANDER HULL,0,49.471956,258.107808,1.455864,-10,1.924951,3,0.5,,-128.599167,,5.4,1,1
3.04,9.374584,-50.29721,6.204378,12,25,51.692447,51.692447,,,0,0,1,1,14.988563,17.736134,0.014977,0,0,1,15.006371,0.014977,14.285714,3.320129,1,LANDER HULL,0.113362,51.692447,257.745854,1.046187,-10,1.924951,3,0.5,,-128.599167,,5.4,1,1
3.08,9.795704,-52.413667,6.469632,12,25,53.870798,53.870798,,,0,0,1,1,14.988412,17.736134,0.015174,0,0,1,15.006455,0.015174,14.285714,3.31224,1,LANDER HULL,0.152093,53.870798,257.420929,0.611269,-10,1.924951,3,0.5,,-128.599167,,5.4,1,1
3.12,10.144555,-54.490998,6.719867,12,25,55.999931,55.999931,,,0,0,1,1,14.988262,17.736134,0.015371,0,0,1,15.006538,0.015371,14.285714,3.297499,1,LANDER HULL,0.107924,55.999931,257.142936,0.151249,-10,1.924951,3,0.5,,-128.599167,,5.4,1,1
3.16,10.439564,-56.47915,6.953263,12,25,58.032357,58.032357,,,0,0,1,1,14.988112,17.736134,0.015568,0,0,1,15.006622,0.015568,14.285714,3.277615,1,LANDER HULL,0.016115,58.032357,256.902046,-0.323661,-10,1.924951,3,0.5,,-128.599167,,5.4,1,1
3.2,10.71043,-58.309283,7.168,12,25,59.902888,59.902888,,,0,0,1,1,14.987962,17.736134,0.015765,0,0,1,15.006706,0.015765,14.285714,3.255161,1,LANDER HULL,-0.069283,59.902888,256.677737,-0.795151,-10,1.924951,3,0.5,,-128.599167,,5.4,1,1
3.24,10.979783,-59.924339,7.362257,12,25,61.557036,61.557036,,,0,0,1,1,14.987812,17.736134,0.015963,0,0,1,15.00679,0.015963,14.285714,3.23268,1,LANDER HULL,-0.106004,61.557036,256.452824,-1.242686,-10,1.924951,3,0.5,,-128.599167,,5.4,1,1
3.28,11.251337,-61.298782,7.534213,12,25,62.969524,62.969524,,,0,0,1,1,14.987662,17.736134,0.01616,0,0,1,15.006874,0.01616,14.285714,3.211902,1,LANDER HULL,-0.083304,62.969524,256.224223,-1.650003,-10,1.924951,3,0.5,,-128.599167,,5.4,1,1
3.32,11.509632,-62.439041,7.682048,12,25,64.144893,64.144893,,,0,0,1,1,14.987512,17.736134,0.016357,0,0,1,15.006957,0.016357,14.285714,3.193502,1,LANDER HULL,-0.022401,64.144893,256.004662,-2.008342,-10,1.924951,3,0.5,,-128.599167,,5.4,1,1
3.36,11.729648,-63.36747,7.803942,12,25,65.102711,65.102711,,,0,0,1,1,14.987362,17.736134,0.016554,0,0,1,15.007041,0.016554,14.285714,3.177472,1,LANDER HULL,0.039558,65.102711,255.815522,-2.314505,-10,1.924951,3,0.5,,-128.599167,,5.4,1,1
3.4,11.889761,-64.100769,7.898074,12,25,65.857425,65.857425,,,0,0,1,1,14.987212,17.736134,0.016751,0,0,1,15.007125,0.016751,14.285714,3.163794,1,LANDER HULL,0.071083,65.857425,255.676029,-2.56535,-10,1.924951,3,0.5,,-128.599167,,5.4,1,1
3.44,11.980811,-64.634862,7.962624,12,25,66.404099,66.404099,,,0,0,1,1,14.987062,17.736134,0.016948,0,0,1,15.007209,0.016948,14.285714,3.152881,1,LANDER HULL,0.061458,66.404099,255.595225,-2.752647,-10,1.924951,3,0.5,,-128.599167,,5.4,1,1
3.48,12.007268,-64.942956,7.995771,12,25,66.716468,66.716468,,,0,0,1,1,14.986912,17.736134,0.017145,0,0,1,15.007293,0.017145,14.285714,3.145735,1,LANDER HULL,0.022685,66.716468,255.570468,-2.86187,-10,1.924951,3,0.5,,-128.599167,,5.4,1,1
3.52,11.987672,-65.020546,8,12,25,66.79215,66.79215,,,0,0,1,1,14.986762,17.736134,0.017342,0,0,1,15.007376,0.017342,14.285714,3.143484,1,LANDER HULL,-0.020546,66.79215,255.586458,-2.88858,-10,1.924951,3,0.5,,-128.599167,,5.4,1,1
3.56,11.972605,-65.045658,8,12,25,66.815651,66.815651,,,0,0,1,1,14.986612,17.736134,0.017539,0,0,1,15.00746,0.017539,14.285714,3.14261,1,LANDER HULL,-0.045658,66.815651,255.599028,-2.896894,-10,1.924951,3,0.5,,-128.599167,,5.4,1,1
3.6,11.974016,-65.043307,8,12,25,66.813451,66.813451,,,0,0,1,1,14.986462,17.736134,0.017736,0,0,1,15.007544,0.017736,14.285714,3.142692,1,LANDER HULL,-0.043307,66.813451,255.59785,-2.896115,-10,1.924951,3,0.5,,-128.599167,,5.4,1,1
3.64,11.988146,-65.019757,8,12,25,66.791412,66.791412,,,0,0,1,1,14.986312,17.736134,0.017933,0,0,1,15.007628,0.017933,14.285714,3.143512,1,LANDER HULL,-0.019757,66.791412,255.586064,-2.888319,-10,1.924951,3,0.5,,-128.599167,,5.4,1,1
3.68,12.0055,-64.990833,8,12,25,66.764342,66.764342,,,0,0,1,1,14.986162,17.736134,0.01813,0,0,1,15.007712,0.01813,14.285714,3.144518,1,LANDER HULL,0.009167,66.764342,255.571595,-2.878755,-10,1.924951,3,0.5,,-128.599167,,5.4,1,1
3.72,12.016747,-64.972089,8,12,25,66.746797,66.746797,,,0,0,1,1,14.986012,17.736134,0.018327,0,0,1,15.007795,0.018327,14.285714,3.145171,1,LANDER HULL,0.027911,66.746797,255.562224,-2.872562,-10,1.924951,3,0.5,,-128.599167,,5.4,1,1
3.76,12.017433,-64.970944,8,12,25,66.745726,66.745726,,,0,0,1,1,14.985862,17.736134,0.018524,0,0,1,15.007879,0.018524,14.285714,3.14521,1,LANDER HULL,0.029056,66.745726,255.561652,-2.872184,-10,1.924951,3,0.5,,-128.599167,,5.4,1,1
3.8,12.009312,-64.98448,8,12,25,66.758395,66.758395,,,0,0,1,1,14.985712,17.736134,0.018721,0,0,1,15.007963,0.018721,14.285714,3.144739,1,LANDER HULL,0.01552,66.758395,255.568418,-2.876655,-10,1.924951,3,0.5,,-128.599167,,5.4,1,1
3.84,11.998232,-65.002947,8,12,25,66.775679,66.775679,,,0,0,1,1,14.985562,17.736134,0.018919,0,0,1,15.008047,0.018919,14.285714,3.144097,1,LANDER HULL,-0.002947,66.775679,255.577654,-2.882759,-10,1.924951,3,0.5,,-128.599167,,5.4,1,1
3.88,11.990348,-65.016086,8,12,25,66.787976,66.787976,,,0,0,1,1,14.985412,17.736134,0.019116,0,0,1,15.00813,0.019116,14.285714,3.14364,1,LANDER HULL,-0.016086,66.787976,255.584227,-2.887105,-10,1.924951,3,0.5,,-128.599167,,5.4,1,1
3.92,11.98893,-65.018449,8,12,25,66.790188,66.790188,,,0,0,1,1,14.985262,17.736134,0.019313,0,0,1,15.008214,0.019313,14.285714,3.143557,1,LANDER HULL,-0.018449,66.790188,255.585409,-2.887887,-10,1.924951,3,0.5,,-128.599167,,5.4,1,1
3.96,11.993298,-65.011171,8,12,25,66.783376,66.783376,,,0,0,1,1,14.985112,17.736134,0.01951,0,0,1,15.008298,0.01951,14.285714,3.143811,1,LANDER HULL,-0.011171,66.783376,255.581768,-2.885479,-10,1.924951,3,0.5,,-128.599167,,5.4,1,1
4,12,-65,8,12,25,66.772921,66.772921,,,0,0,1,1,14.984962,17.736134,0.019707,0,0,1,15.008382,0.019707,14.285714,3.144199,1,LANDER HULL,0,66.772921,255.57618,-2.881785,-10,1.924951,3,0.5,,-128.599167,,5.4,1,1
4.04,12.005171,-64.991382,8,12,25,66.764856,66.764856,,,0,0,1,1,14.984812,17.736134,0.019904,0,0,1,15.008466,0.019904,14.285714,3.144499,1,LANDER HULL,0.008618,66.764856,255.57187,-2.878936,-10,1.924951,3,0.5,,-128.599167,,5.4,1,1
4.08,12.006585,-64.989026,8,12,25,66.76265,66.76265,,,0,0,1,1,14.984662,17.736134,0.020101,0,0,1,15.008549,0.020101,14.285714,3.144581,1,LANDER HULL,0.010974,66.76265,255.570691,-2.878157,-10,1.924951,3,0.5,,-128.599167,,5.4,1,1
4.12,12.004422,-64.99263,8,12,25,66.766023,66.766023,,,0,0,1,1,14.984512,17.736134,0.020298,0,0,1,15.008633,0.020298,14.285714,3.144456,1,LANDER HULL,0.00737,66.766023,255.572494,-2.879348,-10,1.924951,3,0.5,,-128.599167,,5.4,1,1
4.16,12.000623,-64.998962,8,12,25,66.771949,66.771949,,,0,0,1,1,14.984362,17.736134,0.020495,0,0,1,15.008717,0.020495,14.285714,3.144236,1,LANDER HULL,0.001038,66.771949,255.57566,-2.881441,-10,1.924951,3,0.5,,-128.599167,,5.4,1,1
4.2,11.997482,-65.004197,8,12,25,66.776849,66.776849,,,0,0,1,1,14.984213,17.736134,0.020692,0,0,1,15.008801,0.020692,14.285714,3.144053,1,LANDER HULL,-0.004197,66.776849,255.578279,-2.883172,-10,1.924951,3,0.5,,-128.599167,,5.4,1,1
4.24,11.996392,-65.006013,8,12,25,66.778549,66.778549,,,0,0,1,1,14.984063,17.736134,0.020889,0,0,1,15.008884,0.020889,14.285714,3.14399,1,LANDER HULL,-0.006013,66.778549,255.579187,-2.883773,-10,1.924951,3,0.5,,-128.599167,,5.4,1,1
4.28,11.997357,-65.004405,8,12,25,66.777044,66.777044,,,0,0,1,1,14.983913,17.736134,0.021086,0,0,1,15.008968,0.021086,14.285714,3.144046,1,LANDER HULL,-0.004405,66.777044,255.578383,-2.883241,-10,1.924951,3,0.5,,-128.599167,,5.4,1,1
4.32,11.999341,-65.001099,8,12,25,66.77395,66.77395,,,0,0,1,1,14.983763,17.736134,0.021283,0,0,1,15.009052,0.021283,14.285714,3.144161,1,LANDER HULL,-0.001099,66.77395,255.576729,-2.882148,-10,1.924951,3,0.5,,-128.599167,,5.4,1,1
4.36,12.001074,-64.998211,8,11.016072,24.012604,65.595698,66.771247,,,0,0,1,1,14.98392,22.112661,0.021505,-0.012,-0.012,0,15.009136,0.021505,14.285714,3.14469,1,LANDER HULL,0.001789,65.595698,256.260715,-2.477365,-10,1.924951,3,0.5,,-128.599167,,5.4,1,1
4.4,12.001767,-64.997054,8,7.416072,20.412604,61.361425,66.770164,,,0,0,1,1,14.984345,21.36377,0.021747,-0.009707,-0.012,0,15.00922,0.021747,14.285714,3.144601,1,LANDER HULL,0.002946,61.361425,258.860534,-1.188162,-10,1.924951,3,0.5,,-128.599167,,5.4,1,1
4.44,12.001389,-64.997685,8,3.816072,16.812604,57.236371,66.770754,,,0,0,1,1,14.984601,20.279513,0.021977,-0.004779,-0.012,0,15.009303,0.021977,14.285714,3.142802,1,LANDER HULL,0.002315,57.236371,261.646928,-0.133253,-10,1.924951,3,0.5,,-128.599167,,5.4,1,1
4.48,12.000462,-64.99923,8,0.233269,13.212604,53.250735,66.7722,,,0,0,1,1,14.984769,19.927841,0.022199,0.000212,-0.012,0,15.009387,0.022199,14.285714,3.139211,1,LANDER HULL,0.00077,53.250735,264.664651,0.738588,-10,1.924951,3,0.5,,-128.599167,,5.4,1,1
4.52,11.999627,-65.000622,8,-2.628058,9.612604,49.463268,66.773503,,,0,0,1,1,14.984932,19.981106,0.022421,0.001861,-0.012,0,15.009471,0.022421,14.285714,3.136022,1,LANDER HULL,-0.000622,49.463268,267.267688,1.457404,-10,1.924951,3,0.5,,-128.599167,,5.4,1,1
4.56,11.999269,-65.001218,8,-4.229245,6.012604,45.811609,66.774061,,,0,0,1,1,14.985094,19.951917,0.022642,0.001272,-0.012,0,15.009555,0.022642,14.285714,3.133524,1,LANDER HULL,-0.001218,45.811609,268.820145,2.064903,-10,1.924951,3,0.5,,-128.599167,,5.4,1,1
4.6,11.999399,-65.001002,8,-4.98798,2.412604,42.201282,66.773859,,,0,0,1,1,14.985253,19.934376,0.022864,0.000701,-0.012,0,15.009638,0.022864,14.285714,3.131512,1,LANDER HULL,-0.001002,42.201282,269.608451,2.593897,-10,1.924951,3,0.5,,-128.599167,,5.4,1,1
4.64,11.999766,-65.000389,8,-5.311164,-1.187396,38.599486,66.773286,,,0,0,1,1,14.985411,19.927882,0.023085,0.000267,-0.012,0,15.009722,0.023085,14.285714,3.129778,1,LANDER HULL,-0.000389,38.599486,269.976314,3.058869,-10,1.924951,3,0.5,,-128.599167,,5.4,1,1
4.68,12.00009,-64.99985,8,-5.439794,-4.787396,34.999066,66.77278,,,0,0,1,1,14.985569,19.927043,0.023307,0.000131,-0.012,0,15.009806,0.023307,14.285714,3.128197,1,LANDER HULL,0.00015,34.999066,270.146415,3.46739,-10,1.924951,3,0.5,,-128.599167,,5.4,1,1
4.72,12.000222,-64.99963,8,-5.481681,-8.387396,31.398991,66.772575,,,0,0,1,1,14.985726,19.926792,0.023528,0.000026,-0.012,0,15.00989,0.023528,14.285714,3.126715,1,LANDER HULL,0.00037,31.398991,270.222901,3.824681,-10,1.924951,3,0.5,,-128.599167,,5.4,1,1
4.76,12.00018,-64.999701,8,-5.501999,-11.987396,27.799187,66.772641,,,0,0,1,1,14.985883,19.92679,0.02375,-0.000024,-0.012,0,15.009974,0.02375,14.285714,3.125307,1,LANDER HULL,0.000299,27.799187,270.28251,4.134817,-10,1.924951,3,0.5,,-128.599167,,5.4,1,1
4.8,12.000071,-64.999882,8,-5.508888,-15.587396,24.199462,66.772811,,,0,0,1,1,14.98604,19.926781,0.023971,0.000003,-0.012,0,15.010057,0.023971,14.285714,3.123983,1,LANDER HULL,0.000118,24.199462,270.334408,4.401077,-10,1.924951,3,0.5,,-128.599167,,5.4,1,1
4.84,11.999991,-65.000015,8,-5.510017,-19.187396,20.599677,66.772935,,,0,0,1,1,14.986198,19.926785,0.024193,0.000016,-0.012,0,15.010141,0.024193,14.285714,3.122749,1,LANDER HULL,-0.000015,20.599677,270.392137,4.626088,-10,1.924951,3,0.5,,-128.599167,,5.4,1,1
4.88,11.99997,-65.00005,8,-5.510017,-22.787396,16.999814,66.772968,,,0,0,1,1,14.986355,19.926787,0.024414,0.00002,-0.012,0,15.010225,0.024414,14.285714,3.12161,1,LANDER HULL,-0.00005,16.999814,270.471919,4.811935,-10,1.924951,3,0.5,,-128.599167,,5.4,1,1
4.92,11.999984,-65.000027,8,-5.510072,-26.387396,13.399945,66.772947,,,0,0,1,1,14.986491,19.430614,0.024634,-0.000032,-0.010547,0,15.010309,0.024634,14.285714,3.120568,1,LANDER HULL,-0.000027,13.399945,270.595536,4.960258,-10,1.924951,3,0.5,,-128.599167,,5.4,1,1
4.96,11.999997,-65.000004,8,-5.511203,-29.987396,9.800201,66.772925,,,0,0,1,1,14.986463,18.211768,0.02484,-0.000019,-0.005559,0,15.010392,0.02484,14.285714,3.119624,1,LANDER HULL,-0.000004,9.800201,270.815924,5.072316,-10,1.924951,3,0.5,,-128.599167,,5.4,1,1
5,12,-65,8,-5.511203,-33.587396,6.200771,66.772921,,,0,0,1,1,14.98633,17.742744,0.025039,-0.000024,-0.000604,0,15.010476,0.025039,14.285714,3.118784,1,LANDER HULL,0,6.200771,271.28584,5.149034,-10,1.924951,3,0.5,,-128.599167,,5.4,1,1
5.04,12,-65,8,-5.511203,-36.727588,3.062177,66.772921,,,0,0,1,1,14.986187,17.811067,0.025237,0.000021,0.002186,0,15.01056,0.025237,14.285714,3.118138,1,LANDER HULL,0,3.062177,272.600601,5.187589,-10,1.924951,3,0.5,,-128.599167,,5.4,1,1
5.08,12,-65,8,-5.511203,-38.601213,1.19351,66.772921,,,0,0,1,1,14.986046,17.789665,0.025434,0.000007,0.001862,0,15.010644,0.025434,14.285714,3.117791,1,LANDER HULL,0,1.19351,276.682491,5.198115,-10,1.924951,3,0.5,,-128.599167,,5.4,1,1
5.12,12,-65,8,-5.511203,-39.509931,0.309584,66.772921,,,0,0,1,1,14.9859,17.757182,0.025632,0.000015,0.001172,0,15.010728,0.025632,14.285714,3.117634,1,LANDER HULL,0,0.309584,296.653268,5.199873,-10,1.924951,3,0.5,,-128.599167,,5.4,1,1
5.16,12,-65,8,-5.511203,-39.901862,0.180465,66.772921,,,0,0,1,1,14.985752,17.743867,0.025829,0.000018,0.000712,0,15.010811,0.025829,14.285714,3.117569,1,LANDER HULL,0,0.180465,39.687029,5.199957,-10,1.924951,3,0.5,,-128.599167,,5.4,1,1
5.2,12,-65,8,-5.511203,-40.062707,0.30905,66.772921,,,0,0,1,1,14.985603,17.739797,0.026026,0.00002,0.000491,0,15.010895,0.026026,14.285714,3.117542,1,LANDER HULL,0,0.30905,63.297039,5.199874,-10,1.924951,3,0.5,,-128.599167,,5.4,1,1
5.24,12,-65,8,-5.511203,-40.118833,0.360074,66.772921,,,0,0,1,1,14.985453,17.738955,0.026223,-0.000022,0.000432,0,15.010979,0.026223,14.285714,3.117533,1,LANDER HULL,0,0.360074,67.313536,5.199828,-10,1.924951,3,0.5,,-128.599167,,5.4,1,1
5.28,12,-65,8,-5.511203,-40.136301,0.376251,66.772921,,,0,0,1,1,14.985304,17.73796,0.02642,-0.000015,0.000348,0,15.011063,0.02642,14.285714,3.11753,1,LANDER HULL,0,0.376251,68.339498,5.199813,-10,1.924951,3,0.5,,-128.599167,,5.4,1,1
5.32,12,-65,8,-5.511203,-40.142745,0.382247,66.772921,,,0,0,1,1,14.985154,17.737595,0.026617,-0.000002,0.000311,0,15.011146,0.026617,14.285714,3.117529,1,LANDER HULL,0,0.382247,68.69603,5.199807,-10,1.924951,3,0.5,,-128.599167,,5.4,1,1
5.36,12,-65,8,-5.511203,-40.144834,0.384194,66.772921,,,0,0,1,1,14.985005,17.737861,0.026814,-0.000024,0.000338,0,15.01123,0.026814,14.285714,3.117529,1,LANDER HULL,0,0.384194,68.809221,5.199805,-10,1.924951,3,0.5,,-128.599167,,5.4,1,1
5.4,12,-65,8,-5.511203,-40.146691,0.385926,66.772921,,,0,0,1,1,14.984855,17.737861,0.027011,0.000008,0.000338,0,15.011314,0.027011,14.285714,3.117528,1,LANDER HULL,0,0.385926,68.908836,5.199803,-10,1.924951,3,0.5,,-128.599167,,5.4,1,1
5.44,12,-65,8,-5.511203,-40.148363,0.387486,66.772921,,,0,0,1,1,14.984706,17.737791,0.027209,0.000028,0.000331,0,15.011398,0.027209,14.285714,3.117528,1,LANDER HULL,0,0.387486,68.997804,5.199801,-10,1.924951,3,0.5,,-128.599167,,5.4,1,1
5.48,12,-65,8,-5.511203,-40.150584,0.389561,66.772921,,,0,0,1,1,14.984556,17.738184,0.027406,-0.000018,0.000368,0,15.011481,0.027406,14.285714,3.117528,1,LANDER HULL,0,0.389561,69.11491,5.199799,-10,1.924951,3,0.5,,-128.599167,,5.4,1,1
5.52,12,-65,8,-5.511203,-40.150697,0.389667,66.772921,,,0,0,1,1,14.984407,17.738087,0.027603,-0.000023,0.000359,0,15.011565,0.027603,14.285714,3.117528,1,LANDER HULL,0,0.389667,69.120827,5.199799,-10,1.924951,3,0.5,,-128.599167,,5.4,1,1
5.56,12,-65,8,-5.511203,-40.151707,0.39061,66.772921,,,0,0,1,1,14.984257,17.738222,0.0278,-0.000015,0.000372,0,15.011649,0.0278,14.285714,3.117528,1,LANDER HULL,0,0.39061,69.173624,5.199798,-10,1.924951,3,0.5,,-128.599167,,5.4,1,1
5.6,12,-65,8,-5.511203,-40.153022,0.39184,66.772921,,,0,0,1,1,14.984108,17.738134,0.027997,0.000002,0.000364,0,15.011733,0.027997,14.285714,3.117527,1,LANDER HULL,0,0.39184,69.241978,5.199797,-10,1.924951,3,0.5,,-128.599167,,5.4,1,1
5.64,12,-65,8,-5.511203,-40.154662,0.393374,66.772921,,,0,0,1,1,14.983958,17.738413,0.028194,0.00004,0.000387,0,15.011817,0.028194,14.285714,3.117527,1,LANDER HULL,0,0.393374,69.326638,5.199795,-10,1.924951,3,0.5,,-128.599167,,5.4,1,1
5.68,12,-65,8,-5.511203,-40.15631,0.394916,66.772921,,,0,0,1,1,14.983809,17.738809,0.028391,-0.000008,0.000421,0,15.0119,0.028391,14.285714,3.117527,1,LANDER HULL,0,0.394916,69.411031,5.199794,-10,1.924951,3,0.5,,-128.599167,,5.4,1,1
5.72,12,-65,8,-5.511203,-40.156907,0.395475,66.772921,,,0,0,1,1,14.983659,17.738085,0.028588,0.000015,0.00036,0,15.011984,0.028588,14.285714,3.117527,1,LANDER HULL,0,0.395475,69.44148,5.199793,-10,1.924951,3,0.5,,-128.599167,,5.4,1,1
5.76,12,-65,8,-5.511203,-40.156907,0.395475,66.772921,,,0,0,1,1,14.98351,17.738596,0.028785,0.000041,0.000402,0,15.012068,0.028785,14.285714,3.117527,1,LANDER HULL,0,0.395475,69.44148,5.199793,-10,1.924951,3,0.5,,-128.599167,,5.4,1,1
5.8,12,-65,8,-5.511203,-40.156907,0.395475,66.772921,,,0,0,1,1,14.983361,17.738519,0.028982,-0.000005,0.000398,0,15.012152,0.028982,14.285714,3.117527,1,LANDER HULL,0,0.395475,69.44148,5.199793,-10,1.924951,3,0.5,,-128.599167,,5.4,1,1
5.84,12,-65,8,-5.511203,-40.156907,0.395475,66.772921,,,0,0,1,1,14.983211,17.7388,0.02918,-0.000014,0.000421,0,15.012235,0.02918,14.285714,3.117527,1,LANDER HULL,0,0.395475,69.44148,5.199793,-10,1.924951,3,0.5,,-128.599167,,5.4,1,1
5.88,12,-65,8,-5.511203,-40.156907,0.395475,66.772921,,,0,0,1,1,14.983062,17.738253,0.029377,0.000002,0.000375,0,15.012319,0.029377,14.285714,3.117527,1,LANDER HULL,0,0.395475,69.44148,5.199793,-10,1.924951,3,0.5,,-128.599167,,5.4,1,1
5.92,12,-65,8,-5.511203,-40.156907,0.395475,66.772921,,,0,0,1,1,14.982912,17.738704,0.029574,0.000038,0.000411,0,15.012403,0.029574,14.285714,3.117527,1,LANDER HULL,0,0.395475,69.44148,5.199793,-10,1.924951,3,0.5,,-128.599167,,5.4,1,1
5.96,12,-65,8,-5.511203,-40.156907,0.395475,66.772921,,,0,0,1,1,14.982763,17.739013,0.029771,0.000011,0.000437,0,15.012487,0.029771,14.285714,3.117527,1,LANDER HULL,0,0.395475,69.44148,5.199793,-10,1.924951,3,0.5,,-128.599167,,5.4,1,1
6,12,-65,8,-5.511203,-40.156907,0.395475,66.772921,,,0,0,1,1,14.982614,17.739178,0.029968,0.000005,0.00045,0,15.01257,0.029968,14.285714,3.117527,1,LANDER HULL,0,0.395475,69.44148,5.199793,-10,1.924951,3,0.5,,-128.599167,,5.4,1,1
6.04,12,-65,8,-5.511203,-40.156907,0.395475,66.772921,,,0,0,1,1,14.982465,17.738859,0.030165,0.00003,0.000424,0,15.012654,0.030165,14.285714,3.117527,1,LANDER HULL,0,0.395475,69.44148,5.199793,-10,1.924951,3,0.5,,-128.599167,,5.4,1,1
6.08,12,-65,8,-5.511203,-40.156907,0.395475,66.772921,,,0,0,1,1,14.982315,17.738497,0.030362,0.00005,0.000393,0,15.012738,0.030362,14.285714,3.117527,1,LANDER HULL,0,0.395475,69.44148,5.199793,-10,1.924951,3,0.5,,-128.599167,,5.4,1,1
6.12,12,-65,8,-5.511203,-40.156907,0.395475,66.772921,,,0,0,1,1,14.982166,17.738847,0.030559,0.000051,0.000421,0,15.012822,0.030559,14.285714,3.117527,1,LANDER HULL,0,0.395475,69.44148,5.199793,-10,1.924951,3,0.5,,-128.599167,,5.4,1,1
6.16,12,-65,8,-5.511203,-40.156907,0.395475,66.772921,,,0,0,1,1,14.982017,17.738664,0.030756,0.000039,0.000408,0,15.012905,0.030756,14.285714,3.117527,1,LANDER HULL,0,0.395475,69.44148,5.199793,-10,1.924951,3,0.5,,-128.599167,,5.4,1,1
6.2,12,-65,8,-5.511203,-40.156907,0.395475,66.772921,,,0,0,1,1,14.981868,17.739096,0.030953,0.000007,0.000443,0,15.012989,0.030953,14.285714,3.117527,1,LANDER HULL,0,0.395475,69.44148,5.199793,-10,1.924951,3,0.5,,-128.599167,,5.4,1,1
6.24,12,-65,8,-5.511203,-40.156907,0.395475,66.772921,,,0,0,1,1,14.981718,17.739261,0.03115,0.000034,0.000454,0,15.013073,0.03115,14.285714,3.117527,1,LANDER HULL,0,0.395475,69.44148,5.199793,-10,1.924951,3,0.5,,-128.599167,,5.4,1,1
6.28,12,-65,8,-5.511203,-40.156907,0.395475,66.772921,,,0,0,1,1,14.981569,17.739032,0.031348,0.000012,0.000438,0,15.013157,0.031348,14.285714,3.117527,1,LANDER HULL,0,0.395475,69.44148,5.199793,-10,1.924951,3,0.5,,-128.599167,,5.4,1,1
6.32,12,-65,8,-5.511203,-40.156907,0.395475,66.772921,,,0,0,1,1,14.98142,17.738655,0.031545,0.000019,0.000409,0,15.01324,0.031545,14.285714,3.117527,1,LANDER HULL,0,0.395475,69.44148,5.199793,-10,1.924951,3,0.5,,-128.599167,,5.4,1,1
6.36,12,-65,8,-5.511203,-40.156907,0.395475,66.772921,,,0,0,1,1,14.981271,17.739502,0.031742,0.000062,0.000469,0,15.013324,0.031742,14.285714,3.117527,1,LANDER HULL,0,0.395475,69.44148,5.199793,-10,1.924951,3,0.5,,-128.599167,,5.4,1,1
6.4,12,-65,8,-5.511203,-40.156907,0.395475,66.772921,,,0,0,1,1,14.981122,17.73895,0.031939,0.000007,0.000432,0,15.013408,0.031939,14.285714,3.117527,1,LANDER HULL,0,0.395475,69.44148,5.199793,-10,1.924951,3,0.5,,-128.599167,,5.4,1,1
6.44,12,-65,8,-5.511203,-40.156907,0.395475,66.772921,,,0,0,1,1,14.980973,17.739522,0.032136,0.000035,0.000473,0,15.013492,0.032136,14.285714,3.117527,1,LANDER HULL,0,0.395475,69.44148,5.199793,-10,1.924951,3,0.5,,-128.599167,,5.4,1,1
6.48,12,-65,8,-5.511203,-40.156907,0.395475,66.772921,,,0,0,1,1,14.980823,17.739114,0.032333,0.000031,0.000444,0,15.013575,0.032333,14.285714,3.117527,1,LANDER HULL,0,0.395475,69.44148,5.199793,-10,1.924951,3,0.5,,-128.599167,,5.4,1,1
6.52,12,-65,8,-5.511203,-40.156907,0.395475,66.772921,,,0,0,1,1,14.980674,17.738983,0.03253,0.000013,0.000435,0,15.013659,0.03253,14.285714,3.117527,1,LANDER HULL,0,0.395475,69.44148,5.199793,-10,1.924951,3,0.5,,-128.599167,,5.4,1,1
6.56,12,-65,8,-5.511203,-40.156907,0.395475,66.772921,,,0,0,1,1,14.980525,17.738845,0.032727,0.000033,0.000423,0,15.013743,0.032727,14.285714,3.117527,1,LANDER HULL,0,0.395475,69.44148,5.199793,-10,1.924951,3,0.5,,-128.599167,,5.4,1,1
6.6,12,-65,8,-5.511203,-40.156907,0.395475,66.772921,,,0,0,1,1,14.980376,17.739429,0.032924,0.000038,0.000466,0,15.013827,0.032924,14.285714,3.117527,1,LANDER HULL,0,0.395475,69.44148,5.199793,-10,1.924951,3,0.5,,-128.599167,,5.4,1,1
6.64,12,-65,8,-5.511203,-40.156907,0.395475,66.772921,,,0,0,1,1,14.980227,17.739315,0.033122,0.00004,0.000458,0,15.01391,0.033122,14.285714,3.117527,1,LANDER HULL,0,0.395475,69.44148,5.199793,-10,1.924951,3,0.5,,-128.599167,,5.4,1,1
6.68,12,-65,8,-5.511203,-40.156907,0.395475,66.772921,,,0,0,1,1,14.980078,17.739948,0.033319,0.000057,0.0005,0,15.013994,0.033319,14.285714,3.117527,1,LANDER HULL,0,0.395475,69.44148,5.199793,-10,1.924951,3,0.5,,-128.599167,,5.4,1,1
6.72,12,-65,8,-5.511203,-40.156907,0.395475,66.772921,,,0,0,1,1,14.979929,17.739326,0.033516,0.00003,0.000459,0,15.014078,0.033516,14.285714,3.117527,1,LANDER HULL,0,0.395475,69.44148,5.199793,-10,1.924951,3,0.5,,-128.599167,,5.4,1,1
6.76,12,-65,8,-5.511203,-40.156907,0.395475,66.772921,,,0,0,1,1,14.97978,17.739117,0.033713,0.000047,0.000443,0,15.014162,0.033713,14.285714,3.117527,1,LANDER HULL,0,0.395475,69.44148,5.199793,-10,1.924951,3,0.5,,-128.599167,,5.4,1,1
6.8,12,-65,8,-5.511203,-40.156907,0.395475,66.772921,,,0,0,1,1,14.979631,17.739193,0.03391,0.000018,0.00045,0,15.014245,0.03391,14.285714,3.117527,1,LANDER HULL,0,0.395475,69.44148,5.199793,-10,1.924951,3,0.5,,-128.599167,,5.4,1,1
6.84,12,-65,8,-5.511203,-40.156907,0.395475,66.772921,,,0,0,1,1,14.979482,17.739834,0.034107,0.000043,0.000494,0,15.014329,0.034107,14.285714,3.117527,1,LANDER HULL,0,0.395475,69.44148,5.199793,-10,1.924951,3,0.5,,-128.599167,,5.4,1,1
6.88,12,-65,8,-5.511203,-40.156907,0.395475,66.772921,,,0,0,1,1,14.979333,17.739404,0.034304,0.000019,0.000466,0,15.014413,0.034304,14.285714,3.117527,1,LANDER HULL,0,0.395475,69.44148,5.199793,-10,1.924951,3,0.5,,-128.599167,,5.4,1,1
6.92,12,-65,8,-5.511203,-40.156907,0.395475,66.772921,,,0,0,1,1,14.979184,17.740014,0.034501,0.000038,0.000506,0,15.014497,0.034501,14.285714,3.117527,1,LANDER HULL,0,0.395475,69.44148,5.199793,-10,1.924951,3,0.5,,-128.599167,,5.4,1,1
6.96,12,-65,8,-5.511203,-40.156907,0.395475,66.772921,,,0,0,1,1,14.979035,17.739801,0.034698,0.000056,0.00049,0,15.01458,0.034698,14.285714,3.117527,1,LANDER HULL,0,0.395475,69.44148,5.199793,-10,1.924951,3,0.5,,-128.599167,,5.4,1,1
7,12,-65,8,-5.511203,-40.156907,0.395475,66.772921,,,0,0,1,1,14.978886,17.739608,0.034895,0.000077,0.000474,0,15.014664,0.034895,14.285714,3.117527,1,LANDER HULL,0,0.395475,69.44148,5.199793,-10,1.924951,3,0.5,,-128.599167,,5.4,1,1
7.04,12,-65,8,-5.511203,-40.156907,0.395475,66.772921,,,0,0,1,1,14.978737,17.739595,0.035093,0.000015,0.000479,0,15.014748,0.035093,14.285714,3.117527,1,LANDER HULL,0,0.395475,69.44148,5.199793,-10,1.924951,3,0.5,,-128.599167,,5.4,1,1
7.08,12,-65,8,-5.511203,-40.156907,0.395475,66.772921,,,0,0,1,1,14.978588,17.740306,0.03529,0.000048,0.000524,0,15.014832,0.03529,14.285714,3.117527,1,LANDER HULL,0,0.395475,69.44148,5.199793,-10,1.924951,3,0.5,,-128.599167,,5.4,1,1
7.12,12,-65,8,-5.511203,-40.156907,0.395475,66.772921,,,0,0,1,1,14.978439,17.739563,0.035487,0.000054,0.000474,0,15.014915,0.035487,14.285714,3.117527,1,LANDER HULL,0,0.395475,69.44148,5.199793,-10,1.924951,3,0.5,,-128.599167,,5.4,1,1
7.16,12,-65,8,-5.511203,-40.156907,0.395475,66.772921,,,0,0,1,1,14.978291,17.740149,0.035684,0.00005,0.000514,0,15.014999,0.035684,14.285714,3.117527,1,LANDER HULL,0,0.395475,69.44148,5.199793,-10,1.924951,3,0.5,,-128.599167,,5.4,1,1
7.2,12,-65,8,-5.511203,-40.156907,0.395475,66.772921,,,0,0,1,1,14.978142,17.739907,0.035881,0.000046,0.000498,0,15.015083,0.035881,14.285714,3.117527,1,LANDER HULL,0,0.395475,69.44148,5.199793,-10,1.924951,3,0.5,,-128.599167,,5.4,1,1
7.24,12,-65,8,-5.511203,-40.156907,0.395475,66.772921,,,0,0,1,1,14.977993,17.740123,0.036078,0.00007,0.00051,0,15.015166,0.036078,14.285714,3.117527,1,LANDER HULL,0,0.395475,69.44148,5.199793,-10,1.924951,3,0.5,,-128.599167,,5.4,1,1
7.28,12,-65,8,-5.511203,-40.156907,0.395475,66.772921,,,0,0,1,1,14.977844,17.73972,0.036275,0.000041,0.000486,0,15.01525,0.036275,14.285714,3.117527,1,LANDER HULL,0,0.395475,69.44148,5.199793,-10,1.924951,3,0.5,,-128.599167,,5.4,1,1
7.32,12,-65,8,-5.511203,-40.156832,0.395404,66.772921,,,0,0,1,1,14.977695,17.740639,0.036472,0.000054,0.000544,0,15.015334,0.036472,14.285714,3.117527,1,LANDER HULL,0,0.395404,69.437645,5.199793,-10,1.924951,3,0.5,,-128.599167,,5.4,1,1
7.36,12,-65,8,-5.511203,-40.156728,0.395307,66.772921,,,0,0,1,1,14.977547,17.740215,0.036669,0.000055,0.000518,0,15.015418,0.036669,14.285714,3.117527,1,LANDER HULL,0,0.395307,69.43233,5.199793,-10,1.924951,3,0.5,,-128.599167,,5.4,1,1
7.4,12,-65,8,-5.511203,-40.156728,0.395307,66.772921,,,0,0,1,1,14.977398,17.739837,0.036867,0.000054,0.000493,0,15.015501,0.036867,14.285714,3.117527,1,LANDER HULL,0,0.395307,69.43233,5.199793,-10,1.924951,3,0.5,,-128.599167,,5.4,1,1
7.44,12,-65,8,-5.511203,-40.155622,0.394272,66.772921,,,0,0,1,1,14.977249,17.739808,0.037064,0.00006,0.00049,0,15.015585,0.037064,14.285714,3.117527,1,LANDER HULL,0,0.394272,69.375879,5.199794,-10,1.924951,3,0.5,,-128.599167,,5.4,1,1
7.48,12,-65,8,-5.511203,-40.154911,0.393607,66.772921,,,0,0,1,1,14.9771,17.740558,0.037261,0.000037,0.000541,0,15.015669,0.037261,14.285714,3.117527,1,LANDER HULL,0,0.393607,69.339453,5.199795,-10,1.924951,3,0.5,,-128.599167,,5.4,1,1
7.52,12,-65,8,-5.511203,-40.154371,0.393102,66.772921,,,0,0,1,1,14.976952,17.740323,0.037458,0.000086,0.00052,0,15.015753,0.037458,14.285714,3.117527,1,LANDER HULL,0,0.393102,69.31168,5.199796,-10,1.924951,3,0.5,,-128.599167,,5.4,1,1
7.56,12,-65,8,-5.511203,-40.154371,0.393102,66.772921,,,0,0,1,1,14.976803,17.73983,0.037655,0.000031,0.000494,0,15.015836,0.037655,14.285714,3.117527,1,LANDER HULL,0,0.393102,69.31168,5.199796,-10,1.924951,3,0.5,,-128.599167,,5.4,1,1
7.6,12,-65,8,-5.511203,-40.154371,0.393102,66.772921,,,0,0,1,1,14.976654,17.73966,0.037852,0.000057,0.00048,0,15.01592,0.037852,14.285714,3.117527,1,LANDER HULL,0,0.393102,69.31168,5.199796,-10,1.924951,3,0.5,,-128.599167,,5.4,1,1
7.64,12,-65,8,-5.511203,-40.154371,0.393102,66.772921,,,0,0,1,1,14.976505,17.740045,0.038049,0.000045,0.000508,0,15.016004,0.038049,14.285714,3.117527,1,LANDER HULL,0,0.393102,69.31168,5.199796,-10,1.924951,3,0.5,,-128.599167,,5.4,1,1
7.68,12,-65,8,-5.511203,-40.154371,0.393102,66.772921,,,0,0,1,1,14.976357,17.740484,0.038246,0.000096,0.000529,0,15.016088,0.038246,14.285714,3.117527,1,LANDER HULL,0,0.393102,69.31168,5.199796,-10,1.924951,3,0.5,,-128.599167,,5.4,1,1
7.72,12,-65,8,-5.511203,-40.154371,0.393102,66.772921,,,0,0,1,1,14.976208,17.740603,0.038443,0.000096,0.000536,0,15.016171,0.038443,14.285714,3.117527,1,LANDER HULL,0,0.393102,69.31168,5.199796,-10,1.924951,3,0.5,,-128.599167,,5.4,1,1
7.76,12,-65,8,-5.511203,-40.154197,0.392939,66.772921,,,0,0,1,1,14.976059,17.740783,0.038641,0.000087,0.000549,0,15.016255,0.038641,14.285714,3.117527,1,LANDER HULL,0,0.392939,69.302708,5.199796,-10,1.924951,3,0.5,,-128.599167,,5.4,1,1
7.8,12,-65,8,-5.511203,-40.153381,0.392175,66.772921,,,0,0,1,1,14.975911,17.739767,0.038838,0.000042,0.000489,0,15.016339,0.038838,14.285714,3.117527,1,LANDER HULL,0,0.392175,69.260553,5.199797,-10,1.924951,3,0.5,,-128.599167,,5.4,1,1
7.84,12,-65,8,-5.511203,-40.153381,0.392175,66.772921,,,0,0,1,1,14.975762,17.740316,0.039035,0.000045,0.000525,0,15.016422,0.039035,14.285714,3.117527,1,LANDER HULL,0,0.392175,69.260553,5.199797,-10,1.924951,3,0.5,,-128.599167,,5.4,1,1
7.88,12,-65,8,-5.511203,-40.152759,0.391594,66.772921,,,0,0,1,1,14.975613,17.73975,0.039232,0.000071,0.000485,0,15.016506,0.039232,14.285714,3.117527,1,LANDER HULL,0,0.391594,69.228363,5.199797,-10,1.924951,3,0.5,,-128.599167,,5.4,1,1
7.92,12,-65,8,-5.511203,-40.152571,0.391418,66.772921,,,0,0,1,1,14.975465,17.740661,0.039429,0.000087,0.000541,0,15.01659,0.039429,14.285714,3.117527,1,LANDER HULL,0,0.391418,69.218575,5.199797,-10,1.924951,3,0.5,,-128.599167,,5.4,1,1
7.96,12,-65,8,-5.511203,-40.152007,0.390891,66.772921,,,0,0,1,1,14.975316,17.740971,0.039626,0.00007,0.000562,0,15.016674,0.039626,14.285714,3.117527,1,LANDER HULL,0,0.390891,69.189252,5.199798,-10,1.924951,3,0.5,,-128.599167,,5.4,1,1
8,12,-65,8,-5.511203,-40.149532,0.388578,66.772921,,,0,0,1,1,14.975167,17.740403,0.039823,0.000047,0.00053,0,15.016757,0.039823,14.285714,3.117528,1,LANDER HULL,0,0.388578,69.059582,5.1998,-10,1.924951,3,0.5,,-128.599167,,5.4,1,1
8.04,12,-65,8,-5.511203,-40.147096,0.386304,66.772921,,,0,0,1,1,14.975019,17.740678,0.04002,0.000068,0.000545,0,15.016841,0.04002,14.285714,3.117528,1,LANDER HULL,0,0.386304,68.930467,5.199803,-10,1.924951,3,0.5,,-128.599167,,5.4,1,1
8.08,12,-65,8,-5.511203,-40.144505,0.383888,66.772921,,,0,0,1,1,14.97487,17.740312,0.040218,0.000108,0.000516,0,15.016925,0.040218,14.285714,3.117529,1,LANDER HULL,0,0.383888,68.791467,5.199805,-10,1.924951,3,0.5,,-128.599167,,5.4,1,1
8.12,12,-65,8,-5.511203,-40.141189,0.380798,66.772921,,,0,0,1,1,14.974722,17.740003,0.040415,0.000054,0.000504,0,15.017008,0.040415,14.285714,3.117529,1,LANDER HULL,0,0.380798,68.610972,5.199808,-10,1.924951,3,0.5,,-128.599167,,5.4,1,1
8.16,12,-65,8,-5.511203,-40.136274,0.376226,66.772921,,,0,0,1,1,14.974573,17.740429,0.040612,0.000101,0.000524,0,15.017092,0.040612,14.285714,3.11753,1,LANDER HULL,0,0.376226,68.337996,5.199813,-10,1.924951,3,0.5,,-128.599167,,5.4,1,1
8.2,12,-65,8,-5.511203,-40.132527,0.372746,66.772921,,,0,0,1,1,14.974425,17.740556,0.040809,0.000099,0.000533,0,15.017176,0.040809,14.285714,3.117531,1,LANDER HULL,0,0.372746,68.125393,5.199816,-10,1.924951,3,0.5,,-128.599167,,5.4,1,1
8.24,12,-65,8,-5.511203,-40.129533,0.369969,66.772921,,,0,0,1,1,14.974276,17.739737,0.041006,0.000057,0.000486,0,15.01726,0.041006,14.285714,3.117531,1,LANDER HULL,0,0.369969,67.952616,5.199819,-10,1.924951,3,0.5,,-128.599167,,5.4,1,1
8.28,12,-65,8,-5.511203,-40.128335,0.368859,66.772921,,,0,0,1,1,14.974128,17.740648,0.041203,0.000101,0.000538,0,15.017343,0.041203,14.285714,3.117531,1,LANDER HULL,0,0.368859,67.882762,5.19982,-10,1.924951,3,0.5,,-128.599167,,5.4,1,1
8.32,12,-65,8,-5.511203,-40.127872,0.36843,66.772921,,,0,0,1,1,14.973979,17.74018,0.0414,0.000051,0.000516,0,15.017427,0.0414,14.285714,3.117531,1,LANDER HULL,0,0.36843,67.855643,5.19982,-10,1.924951,3,0.5,,-128.599167,,5.4,1,1
8.36,12,-65,8,-5.511203,-40.127586,0.368165,66.772921,,,0,0,1,1,14.973831,17.740764,0.041597,0.000066,0.000551,0,15.017511,0.041597,14.285714,3.117531,1,LANDER HULL,0,0.368165,67.838897,5.199821,-10,1.924951,3,0.5,,-128.599167,,5.4,1,1
8.4,12,-65,8,-5.511203,-40.125594,0.366321,66.772921,,,0,0,1,1,14.973682,17.740062,0.041794,0.000073,0.000505,0,15.017594,0.041794,14.285714,3.117532,1,LANDER HULL,0,0.366321,67.721375,5.199822,-10,1.924951,3,0.5,,-128.599167,,5.4,1,1
8.44,12,-65,8,-5.511203,-40.122927,0.363855,66.772921,,,0,0,1,1,14.973534,17.740323,0.041992,0.000112,0.000515,0,15.017678,0.041992,14.285714,3.117532,1,LANDER HULL,0,0.363855,67.562174,5.199825,-10,1.924951,3,0.5,,-128.599167,,5.4,1,1
8.48,12,-65,8,-5.511203,-40.118603,0.359862,66.772921,,,0,0,1,1,14.973385,17.740483,0.042189,0.000108,0.000526,0,15.017762,0.042189,14.285714,3.117533,1,LANDER HULL,0,0.359862,67.299396,5.199829,-10,1.924951,3,0.5,,-128.599167,,5.4,1,1
8.52,12,-65,8,-5.511203,-40.116839,0.358235,66.772921,,,0,0,1,1,14.973237,17.740638,0.042386,0.000071,0.000542,0,15.017846,0.042386,14.285714,3.117533,1,LANDER HULL,0,0.358235,67.190483,5.19983,-10,1.924951,3,0.5,,-128.599167,,5.4,1,1
8.56,12,-65,8,-5.511203,-40.113652,0.355299,66.772921,,,0,0,1,1,14.973088,17.740689,0.042583,0.000107,0.000539,0,15.017929,0.042583,14.285714,3.117534,1,LANDER HULL,0,0.355299,66.99126,5.199833,-10,1.924951,3,0.5,,-128.599167,,5.4,1,1
8.6,12,-65,8,-5.511203,-40.11075,0.35263,66.772921,,,0,0,1,1,14.97294,17.740195,0.04278,0.00007,0.000515,0,15.018013,0.04278,14.285714,3.117534,1,LANDER HULL,0,0.35263,66.806975,5.199835,-10,1.924951,3,0.5,,-128.599167,,5.4,1,1
8.64,12,-65,8,-5.511203,-40.11075,0.35263,66.772921,,,0,0,1,1,14.972791,17.740606,0.042977,0.000074,0.00054,0,15.018097,0.042977,14.285714,3.117534,1,LANDER HULL,0,0.35263,66.806975,5.199835,-10,1.924951,3,0.5,,-128.599167,,5.4,1,1
8.68,12,-65,8,-5.511203,-40.110645,0.352534,66.772921,,,0,0,1,1,14.972643,17.740676,0.043174,0.000064,0.000545,0,15.01818,0.043174,14.285714,3.117534,1,LANDER HULL,0,0.352534,66.800266,5.199836,-10,1.924951,3,0.5,,-128.599167,,5.4,1,1
8.72,12,-65,8,-5.511203,-40.109448,0.351434,66.772921,,,0,0,1,1,14.972494,17.740168,0.043371,0.000096,0.000509,0,15.018264,0.043371,14.285714,3.117534,1,LANDER HULL,0,0.351434,66.723386,5.199837,-10,1.924951,3,0.5,,-128.599167,,5.4,1,1
8.76,12,-65,8,-5.511203,-40.108011,0.350114,66.772921,,,0,0,1,1,14.972346,17.740799,0.043568,0.000087,0.00055,0,15.018348,0.043568,14.285714,3.117535,1,LANDER HULL,0,0.350114,66.630412,5.199838,-10,1.924951,3,0.5,,-128.599167,,5.4,1,1
8.8,12,-65,8,-5.511203,-40.10789,0.350003,66.772921,,,0,0,1,1,14.972198,17.740668,0.043766,0.000085,0.000542,0,15.018432,0.043766,14.285714,3.117535,1,LANDER HULL,0,0.350003,66.622552,5.199838,-10,1.924951,3,0.5,,-128.599167,,5.4,1,1
8.84,12,-65,8,-5.511203,-40.106728,0.348937,66.772921,,,0,0,1,1,14.972049,17.74005,0.043963,0.000064,0.000506,0,15.018515,0.043963,14.285714,3.117535,1,LANDER HULL,0,0.348937,66.546888,5.199839,-10,1.924951,3,0.5,,-128.599167,,5.4,1,1
8.88,12,-65,8,-5.511203,-40.10335,0.34584,66.772921,,,0,0,1,1,14.971901,17.740395,0.04416,0.000109,0.000521,0,15.018599,0.04416,14.285714,3.117535,1,LANDER HULL,0,0.34584,66.32412,5.199842,-10,1.924951,3,0.5,,-128.599167,,5.4,1,1
8.92,12,-65,8,-5.511203,-40.102245,0.344829,66.772921,,,0,0,1,1,14.971752,17.740485,0.044357,0.000099,0.000528,0,15.018683,0.044357,14.285714,3.117536,1,LANDER HULL,0,0.344829,66.250429,5.199843,-10,1.924951,3,0.5,,-128.599167,,5.4,1,1
8.96,12,-65,8,-5.511203,-40.099617,0.342425,66.772921,,,0,0,1,1,14.971604,17.741088,0.044554,0.000088,0.000567,0,15.018766,0.044554,14.285714,3.117536,1,LANDER HULL,0,0.342425,66.073328,5.199845,-10,1.924951,3,0.5,,-128.599167,,5.4,1,1
9,12,-65,8,-5.511203,-40.098593,0.341489,66.772921,,,0,0,1,1,14.971456,17.740757,0.044751,0.000089,0.000547,0,15.01885,0.044751,14.285714,3.117536,1,LANDER HULL,0,0.341489,66.003664,5.199846,-10,1.924951,3,0.5,,-128.599167,,5.4,1,1
9.04,12,-65,8,-5.511203,-40.097869,0.340828,66.772921,,,0,0,1,1,14.971307,17.740216,0.044948,0.000131,0.000504,0,15.018934,0.044948,14.285714,3.117536,1,LANDER HULL,0,0.340828,65.95415,5.199846,-10,1.924951,3,0.5,,-128.599167,,5.4,1,1
9.08,12,-65,8,-5.511203,-40.094696,0.337933,66.772921,,,0,0,1,1,14.971159,17.740934,0.045145,0.000122,0.000551,0,15.019017,0.045145,14.285714,3.117537,1,LANDER HULL,0,0.337933,65.734943,5.199849,-10,1.924951,3,0.5,,-128.599167,,5.4,1,1
9.12,12,-65,8,-5.511203,-40.087613,0.331488,66.772921,,,0,0,1,1,14.971011,17.740736,0.045343,0.000087,0.000546,0,15.019101,0.045343,14.285714,3.117538,1,LANDER HULL,0,0.331488,65.231842,5.199855,-10,1.924951,3,0.5,,-128.599167,,5.4,1,1
9.16,12,-65,8,-5.511203,-40.08527,0.329362,66.772921,,,0,0,1,1,14.970862,17.739954,0.04554,0.000096,0.000494,0,15.019185,0.04554,14.285714,3.117538,1,LANDER HULL,0,0.329362,65.061049,5.199856,-10,1.924951,3,0.5,,-128.599167,,5.4,1,1
9.2,12,-65,8,-5.511203,-40.08527,0.329362,66.772921,,,0,0,1,1,14.970714,17.740097,0.045737,0.000122,0.000498,0,15.019269,0.045737,14.285714,3.117538,1,LANDER HULL,0,0.329362,65.061049,5.199856,-10,1.924951,3,0.5,,-128.599167,,5.4,1,1
9.24,12,-65,8,-5.511203,-40.08501,0.329126,66.772921,,,0,0,1,1,14.970566,17.740297,0.045934,0.00014,0.000507,0,15.019352,0.045934,14.285714,3.117538,1,LANDER HULL,0,0.329126,65.041976,5.199857,-10,1.924951,3,0.5,,-128.599167,,5.4,1,1
9.28,12,-65,8,-5.511203,-40.08501,0.329126,66.772921,,,0,0,1,1,14.970417,17.740445,0.046131,0.000138,0.000517,0,15.019436,0.046131,14.285714,3.117538,1,LANDER HULL,0,0.329126,65.041976,5.199857,-10,1.924951,3,0.5,,-128.599167,,5.4,1,1
9.32,12,-65,8,-5.511203,-40.083821,0.328049,66.772921,,,0,0,1,1,14.970269,17.739997,0.046328,0.000094,0.000498,0,15.01952,0.046328,14.285714,3.117539,1,LANDER HULL,0,0.328049,64.954393,5.199858,-10,1.924951,3,0.5,,-128.599167,,5.4,1,1
9.36,12,-65,8,-5.511203,-40.082413,0.326774,66.772921,,,0,0,1,1,14.970121,17.74075,0.046525,0.000137,0.000536,0,15.019603,0.046525,14.285714,3.117539,1,LANDER HULL,0,0.326774,64.849873,5.199859,-10,1.924951,3,0.5,,-128.599167,,5.4,1,1
9.4,12,-65,8,-5.511203,-40.081107,0.325592,66.772921,,,0,0,1,1,14.969973,17.741002,0.046722,0.000146,0.000549,0,15.019687,0.046722,14.285714,3.117539,1,LANDER HULL,0,0.325592,64.752159,5.19986,-10,1.924951,3,0.5,,-128.599167,,5.4,1,1
9.44,12,-65,8,-5.511203,-40.0796,0.32423,66.772921,,,0,0,1,1,14.969824,17.740605,0.046919,0.000142,0.000526,0,15.019771,0.046919,14.285714,3.117539,1,LANDER HULL,0,0.32423,64.6386,5.199861,-10,1.924951,3,0.5,,-128.599167,,5.4,1,1
9.48,12,-65,8,-5.511203,-40.07688,0.321774,66.772921,,,0,0,1,1,14.969676,17.740908,0.047117,0.000097,0.000554,0,15.019854,0.047117,14.285714,3.11754,1,LANDER HULL,0,0.321774,64.431109,5.199863,-10,1.924951,3,0.5,,-128.599167,,5.4,1,1
9.52,12,-65,8,-5.511203,-40.072117,0.317484,66.772921,,,0,0,1,1,14.969528,17.740913,0.047314,0.00013,0.000548,0,15.019938,0.047314,14.285714,3.117541,1,LANDER HULL,0,0.317484,64.060142,5.199867,-10,1.924951,3,0.5,,-128.599167,,5.4,1,1
9.56,12,-65,8,-5.511203,-40.068816,0.314519,66.772921,,,0,0,1,1,14.96938,17.740667,0.047511,0.000147,0.000528,0,15.020022,0.047511,14.285714,3.117541,1,LANDER HULL,0,0.314519,63.797095,5.199869,-10,1.924951,3,0.5,,-128.599167,,5.4,1,1
9.6,12,-65,8,-5.511203,-40.066151,0.31213,66.772921,,,0,0,1,1,14.969232,17.740131,0.047708,0.000115,0.000502,0,15.020106,0.047708,14.285714,3.117542,1,LANDER HULL,0,0.31213,63.581124,5.199871,-10,1.924951,3,0.5,,-128.599167,,5.4,1,1
9.64,12,-65,8,-5.511203,-40.064893,0.311004,66.772921,,,0,0,1,1,14.969083,17.740341,0.047905,0.00012,0.000515,0,15.020189,0.047905,14.285714,3.117542,1,LANDER HULL,0,0.311004,63.477963,5.199872,-10,1.924951,3,0.5,,-128.599167,,5.4,1,1
9.68,12,-65,8,-5.511203,-40.064621,0.31076,66.772921,,,0,0,1,1,14.968935,17.740618,0.048102,0.000102,0.000536,0,15.020273,0.048102,14.285714,3.117542,1,LANDER HULL,0,0.31076,63.455568,5.199872,-10,1.924951,3,0.5,,-128.599167,,5.4,1,1
9.72,12,-65,8,-5.511203,-40.064436,0.310595,66.772921,,,0,0,1,1,14.968787,17.740145,0.048299,0.000115,0.000503,0,15.020357,0.048299,14.285714,3.117542,1,LANDER HULL,0,0.310595,63.440306,5.199872,-10,1.924951,3,0.5,,-128.599167,,5.4,1,1
9.76,12,-65,8,-5.511203,-40.064436,0.310595,66.772921,,,0,0,1,1,14.968639,17.740777,0.048496,0.000149,0.000535,0,15.02044,0.048496,14.285714,3.117542,1,LANDER HULL,0,0.310595,63.440306,5.199872,-10,1.924951,3,0.5,,-128.599167,,5.4,1,1
9.8,12,-65,8,-5.511203,-40.063926,0.310139,66.772921,,,0,0,1,1,14.968491,17.73994,0.048694,0.000094,0.000494,0,15.020524,0.048694,14.285714,3.117542,1,LANDER HULL,0,0.310139,63.398229,5.199873,-10,1.924951,3,0.5,,-128.599167,,5.4,1,1
9.84,12,-65,8,-5.511203,-40.062944,0.309262,66.772921,,,0,0,1,1,14.968342,17.740265,0.048891,0.0001,0.000514,0,15.020608,0.048891,14.285714,3.117542,1,LANDER HULL,0,0.309262,63.31679,5.199873,-10,1.924951,3,0.5,,-128.599167,,5.4,1,1
9.88,12,-65,8,-5.511203,-40.062868,0.309193,66.772921,,,0,0,1,1,14.968194,17.74027,0.049088,0.00016,0.000499,0,15.020691,0.049088,14.285714,3.117542,1,LANDER HULL,0,0.309193,63.310393,5.199874,-10,1.924951,3,0.5,,-128.599167,,5.4,1,1
9.92,12,-65,8,-5.511203,-40.06282,0.30915,66.772921,,,0,0,1,1,14.968046,17.740886,0.049285,0.000145,0.000543,0,15.020775,0.049285,14.285714,3.117542,1,LANDER HULL,0,0.30915,63.306438,5.199874,-10,1.924951,3,0.5,,-128.599167,,5.4,1,1
9.96,12,-65,8,-5.511203,-40.059686,0.306354,66.772921,,,0,0,1,1,14.967898,17.740965,0.049482,0.00013,0.000551,0,15.020859,0.049482,14.285714,3.117543,1,LANDER HULL,0,0.306354,63.043158,5.199876,-10,1.924951,3,0.5,,-128.599167,,5.4,1,1
10,12,-65,8,-5.511203,-40.058875,0.305631,66.772921,,,0,0,1,1,14.96775,17.740742,0.049679,0.000128,0.000538,0,15.020942,0.049679,14.285714,3.117543,1,LANDER HULL,0,0.305631,62.974188,5.199876,-10,1.924951,3,0.5,,-128.599167,,5.4,1,1
10.04,12,-65,8,-5.511203,-40.05765,0.30454,66.772921,,,0,0,1,1,14.967602,17.74049,0.049876,0.000115,0.000525,0,15.021026,0.049876,14.285714,3.117543,1,LANDER HULL,0,0.30454,62.869468,5.199877,-10,1.924951,3,0.5,,-128.599167,,5.4,1,1
10.08,12,-65,8,-5.511203,-40.055877,0.302963,66.772921,,,0,0,1,1,14.967454,17.74038,0.050073,0.000128,0.000515,0,15.02111,0.050073,14.285714,3.117543,1,LANDER HULL,0,0.302963,62.716563,5.199879,-10,1.924951,3,0.5,,-128.599167,,5.4,1,1
10.12,12,-65,8,-5.511203,-40.05368,0.301012,66.772921,,,0,0,1,1,14.967306,17.740238,0.05027,0.000113,0.00051,0,15.021193,0.05027,14.285714,3.117544,1,LANDER HULL,0,0.301012,62.524891,5.19988,-10,1.924951,3,0.5,,-128.599167,,5.4,1,1
10.16,12,-65,8,-5.511203,-40.052896,0.300317,66.772921,,,0,0,1,1,14.967158,17.740591,0.050468,0.000141,0.000525,0,15.021277,0.050468,14.285714,3.117544,1,LANDER HULL,0,0.300317,62.455916,5.199881,-10,1.924951,3,0.5,,-128.599167,,5.4,1,1
10.2,12,-65,8,-5.511203,-40.05287,0.300294,66.772921,,,0,0,1,1,14.96701,17.74056,0.050665,0.00011,0.000531,0,15.021361,0.050665,14.285714,3.117544,1,LANDER HULL,0,0.300294,62.453613,5.199881,-10,1.924951,3,0.5,,-128.599167,,5.4,1,1
10.24,12,-65,8,-5.511203,-40.05059,0.298275,66.772921,,,0,0,1,1,14.966862,17.741549,0.050862,0.000129,0.000586,0,15.021444,0.050862,14.285714,3.117544,1,LANDER HULL,0,0.298275,62.251081,5.199882,-10,1.924951,3,0.5,,-128.599167,,5.4,1,1
10.28,12,-65,8,-5.511203,-40.046453,0.29462,66.772921,,,0,0,1,1,14.966714,17.740892,0.051059,0.000157,0.00054,0,15.021528,0.051059,14.285714,3.117545,1,LANDER HULL,0,0.29462,61.8765,5.199885,-10,1.924951,3,0.5,,-128.599167,,5.4,1,1
10.32,12,-65,8,-5.511203,-40.044638,0.29302,66.772921,,,0,0,1,1,14.966565,17.741106,0.051256,0.000136,0.000558,0,15.021612,0.051256,14.285714,3.117545,1,LANDER HULL,0,0.29302,61.709131,5.199886,-10,1.924951,3,0.5,,-128.599167,,5.4,1,1
10.36,12,-65,8,-5.511203,-40.044583,0.292972,66.772921,,,0,0,1,1,14.966417,17.740311,0.051453,0.000164,0.0005,0,15.021696,0.051453,14.285714,3.117545,1,LANDER HULL,0,0.292972,61.704089,5.199886,-10,1.924951,3,0.5,,-128.599167,,5.4,1,1
10.4,12,-65,8,-5.511203,-40.044583,0.292972,66.772921,,,0,0,1,1,14.966269,17.740798,0.05165,0.000155,0.000534,0,15.021779,0.05165,14.285714,3.117545,1,LANDER HULL,0,0.292972,61.704089,5.199886,-10,1.924951,3,0.5,,-128.599167,,5.4,1,1
10.44,12,-65,8,-5.511203,-40.042345,0.291003,66.772921,,,0,0,1,1,14.966121,17.740156,0.051847,0.00015,0.000495,0,15.021863,0.051847,14.285714,3.117545,1,LANDER HULL,0,0.291003,61.495188,5.199888,-10,1.924951,3,0.5,,-128.599167,,5.4,1,1
10.48,12,-65,8,-5.511203,-40.039671,0.288656,66.772921,,,0,0,1,1,14.965973,17.740781,0.052045,0.000116,0.000543,0,15.021947,0.052045,14.285714,3.117546,1,LANDER HULL,0,0.288656,61.241944,5.19989,-10,1.924951,3,0.5,,-128.599167,,5.4,1,1
10.52,12,-65,8,-5.510507,-40.036284,0.285433,66.772921,,,0,0,1,1,14.965825,17.740722,0.052242,0.000129,0.000536,0,15.02203,0.052242,14.285714,3.117547,1,LANDER HULL,0,0.285433,61.008919,5.199892,-10,1.924951,3,0.5,,-128.599167,,5.4,1,1
10.56,12,-65,8,-5.510301,-40.031757,0.281404,66.772921,,,0,0,1,1,14.965678,17.741126,0.052439,0.000173,0.000549,0,15.022114,0.052439,14.285714,3.117548,1,LANDER HULL,0,0.281404,60.590444,5.199895,-10,1.924951,3,0.5,,-128.599167,,5.4,1,1
10.6,12,-65,8,-5.509666,-40.027988,0.277886,66.772921,,,0,0,1,1,14.96553,17.741322,0.052636,0.000164,0.000564,0,15.022198,0.052636,14.285714,3.117548,1,LANDER HULL,0,0.277886,60.296675,5.199898,-10,1.924951,3,0.5,,-128.599167,,5.4,1,1
10.64,12,-65,8,-5.50916,-40.022965,0.27334,66.772921,,,0,0,1,1,14.965382,17.741147,0.052833,0.000167,0.000552,0,15.022281,0.052833,14.285714,3.117549,1,LANDER HULL,0,0.27334,59.845757,5.199901,-10,1.924951,3,0.5,,-128.599167,,5.4,1,1
10.68,12,-65,8,-5.50916,-40.021801,0.272334,66.772921,,,0,0,1,1,14.965234,17.740875,0.05303,0.000142,0.000543,0,15.022365,0.05303,14.285714,3.11755,1,LANDER HULL,0,0.272334,59.722731,5.199902,-10,1.924951,3,0.5,,-128.599167,,5.4,1,1
10.72,12,-65,8,-5.50916,-40.0191,0.270005,66.772921,,,0,0,1,1,14.965086,17.740146,0.053227,0.000155,0.000492,0,15.022449,0.053227,14.285714,3.11755,1,LANDER HULL,0,0.270005,59.433734,5.199904,-10,1.924951,3,0.5,,-128.599167,,5.4,1,1
10.76,12,-65,8,-5.508823,-40.018061,0.268979,66.772921,,,0,0,1,1,14.964938,17.740685,0.053424,0.000149,0.000529,0,15.022532,0.053424,14.285714,3.11755,1,LANDER HULL,0,0.268979,59.368716,5.199904,-10,1.924951,3,0.5,,-128.599167,,5.4,1,1
10.8,12,-65,8,-5.508823,-40.018054,0.268972,66.772921,,,0,0,1,1,14.96479,17.740328,0.053621,0.00012,0.000514,0,15.022616,0.053621,14.285714,3.11755,1,LANDER HULL,0,0.268972,59.367951,5.199904,-10,1.924951,3,0.5,,-128.599167,,5.4,1,1
10.84,12,-65,8,-5.508823,-40.017646,0.268621,66.772921,,,0,0,1,1,14.964642,17.740227,0.053819,0.000148,0.0005,0,15.0227,0.053819,14.285714,3.11755,1,LANDER HULL,0,0.268621,59.323573,5.199905,-10,1.924951,3,0.5,,-128.599167,,5.4,1,1
10.88,12,-65,8,-5.508281,-40.017646,0.26841,66.772921,,,0,0,1,1,14.964494,17.740223,0.054016,0.000126,0.000506,0,15.022783,0.054016,14.285714,3.117551,1,LANDER HULL,0,0.26841,59.4001,5.199905,-10,1.924951,3,0.5,,-128.599167,,5.4,1,1
10.92,12,-65,8,-5.507465,-40.017185,0.267695,66.772921,,,0,0,1,1,14.964346,17.74027,0.054213,0.000144,0.000504,0,15.022867,0.054213,14.285714,3.117551,1,LANDER HULL,0,0.267695,59.465529,5.199905,-10,1.924951,3,0.5,,-128.599167,,5.4,1,1
10.96,12,-65,8,-5.505829,-40.016966,0.266872,66.772921,,,0,0,1,1,14.964198,17.740262,0.05441,0.000177,0.000493,0,15.022951,0.05441,14.285714,3.117552,1,LANDER HULL,0,0.266872,59.674466,5.199906,-10,1.924951,3,0.5,,-128.599167,,5.4,1,1
11,12,-65,8,-5.505696,-40.016873,0.26674,66.772921,,,0,0,1,1,14.96405,17.74105,0.054607,0.000173,0.000545,0,15.023034,0.054607,14.285714,3.117552,1,LANDER HULL,0,0.26674,59.683325,5.199906,-10,1.924951,3,0.5,,-128.599167,,5.4,1,1
11.04,12,-65,8,-5.50491,-40.01595,0.265639,66.772921,,,0,0,1,1,14.963902,17.740924,0.054804,0.000174,0.000537,0,15.023118,0.054804,14.285714,3.117552,1,LANDER HULL,0,0.265639,59.69553,5.199907,-10,1.924951,3,0.5,,-128.599167,,5.4,1,1
11.08,12,-65,8,-5.504332,-40.01595,0.265416,66.772921,,,0,0,1,1,14.963755,17.740213,0.055001,0.000128,0.000504,0,15.023202,0.055001,14.285714,3.117553,1,LANDER HULL,0,0.265416,59.778358,5.199907,-10,1.924951,3,0.5,,-128.599167,,5.4,1,1
11.12,12,-65,8,-5.503254,-40.013836,0.263174,66.772921,,,0,0,1,1,14.963607,17.740749,0.055198,0.000162,0.000529,0,15.023285,0.055198,14.285714,3.117553,1,LANDER HULL,0,0.263174,59.702664,5.199908,-10,1.924951,3,0.5,,-128.599167,,5.4,1,1
11.16,12,-65,8,-5.503254,-40.013182,0.26261,66.772921,,,0,0,1,1,14.963459,17.741263,0.055396,0.000128,0.000569,0,15.023369,0.055396,14.285714,3.117553,1,LANDER HULL,0,0.26261,59.630651,5.199909,-10,1.924951,3,0.5,,-128.599167,,5.4,1,1
11.2,12,-65,8,-5.503254,-40.010234,0.260071,66.772921,,,0,0,1,1,14.963311,17.740606,0.055593,0.000096,0.000536,0,15.023453,0.055593,14.285714,3.117554,1,LANDER HULL,0,0.260071,59.302321,5.199911,-10,1.924951,3,0.5,,-128.599167,,5.4,1,1
11.24,12,-65,8,-5.503254,-40.004804,0.255416,66.772921,,,0,0,1,1,14.963163,17.740636,0.05579,0.000153,0.000525,0,15.023536,0.05579,14.285714,3.117555,1,LANDER HULL,0,0.255416,58.680454,5.199914,-10,1.924951,3,0.5,,-128.599167,,5.4,1,1
11.28,12,-65,8,-5.503254,-40.002342,0.253317,66.772921,,,0,0,1,1,14.963015,17.740687,0.055987,0.000126,0.000535,0,15.02362,0.055987,14.285714,3.117555,1,LANDER HULL,0,0.253317,58.391046,5.199915,-10,1.924951,3,0.5,,-128.599167,,5.4,1,1
11.32,12,-65,8,-5.503254,-40.001544,0.252637,66.772921,,,0,0,1,1,14.962868,17.740486,0.056184,0.000114,0.000525,0,15.023704,0.056184,14.285714,3.117555,1,LANDER HULL,0,0.252637,58.296136,5.199916,-10,1.924951,3,0.5,,-128.599167,,5.4,1,1
11.36,12,-65,8,-5.503254,-40.000219,0.251511,66.772921,,,0,0,1,1,14.96272,17.740174,0.056381,0.000157,0.000493,0,15.023787,0.056381,14.285714,3.117556,1,LANDER HULL,0,0.251511,58.137563,5.199916,-10,1.924951,3,0.5,,-128.599167,,5.4,1,1
11.4,12,-65,8,-5.503254,-40.000219,0.251511,66.772921,,,0,0,1,1,14.962572,17.740214,0.056578,0.000166,0.000493,0,15.023871,0.056578,14.285714,3.117556,1,LANDER HULL,0,0.251511,58.137563,5.199916,-10,1.924951,3,0.5,,-128.599167,,5.4,1,1
11.44,12,-65,8,-5.503254,-39.998638,0.250169,66.772921,,,0,0,1,1,14.962424,17.740123,0.056775,0.000163,0.000488,0,15.023955,0.056775,14.285714,3.117556,1,LANDER HULL,0,0.250169,57.946367,5.199917,-10,1.924951,3,0.5,,-128.599167,,5.4,1,1
11.48,12,-65,8,-5.503254,-39.998638,0.250169,66.772921,,,0,0,1,1,14.962277,17.740635,0.056972,0.000165,0.000521,0,15.024038,0.056972,14.285714,3.117556,1,LANDER HULL,0,0.250169,57.946367,5.199917,-10,1.924951,3,0.5,,-128.599167,,5.4,1,1
11.52,12,-65,8,-5.50324,-39.998508,0.250054,66.772921,,,0,0,1,1,14.962129,17.740839,0.05717,0.000119,0.000546,0,15.024122,0.05717,14.285714,3.117556,1,LANDER HULL,0,0.250054,57.932688,5.199917,-10,1.924951,3,0.5,,-128.599167,,5.4,1,1
11.56,12,-65,8,-5.50324,-39.99687,0.248667,66.772921,,,0,0,1,1,14.961981,17.74052,0.057367,0.000125,0.000525,0,15.024205,0.057367,14.285714,3.117556,1,LANDER HULL,0,0.248667,57.732329,5.199918,-10,1.924951,3,0.5,,-128.599167,,5.4,1,1
11.6,12,-65,8,-5.502213,-39.996812,0.248199,66.772921,,,0,0,1,1,14.961833,17.740625,0.057564,0.000125,0.000531,0,15.024289,0.057564,14.285714,3.117557,1,LANDER HULL,0,0.248199,57.879509,5.199919,-10,1.924951,3,0.5,,-128.599167,,5.4,1,1
11.64,12,-65,8,-5.502112,-39.995726,0.247239,66.772921,,,0,0,1,1,14.961686,17.740634,0.057761,0.000176,0.000518,0,15.024373,0.057761,14.285714,3.117557,1,LANDER HULL,0,0.247239,57.760837,5.199919,-10,1.924951,3,0.5,,-128.599167,,5.4,1,1
11.68,12,-65,8,-5.502111,-39.995726,0.247238,66.772921,,,0,0,1,1,14.961538,17.740266,0.057958,0.000133,0.000507,0,15.024456,0.057958,14.285714,3.117557,1,LANDER HULL,0,0.247238,57.761014,5.199919,-10,1.924951,3,0.5,,-128.599167,,5.4,1,1
11.72,12,-65,8,-5.502111,-39.995677,0.247197,66.772921,,,0,0,1,1,14.96139,17.740853,0.058155,0.000142,0.000541,0,15.02454,0.058155,14.285714,3.117557,1,LANDER HULL,0,0.247197,57.754979,5.199919,-10,1.924951,3,0.5,,-128.599167,,5.4,1,1
11.76,12,-65,8,-5.502111,-39.993831,0.245637,66.772921,,,0,0,1,1,14.961242,17.740729,0.058352,0.000164,0.000527,0,15.024624,0.058352,14.285714,3.117557,1,LANDER HULL,0,0.245637,57.525181,5.19992,-10,1.924951,3,0.5,,-128.599167,,5.4,1,1
11.8,12,-65,8,-5.502024,-39.992254,0.244273,66.772921,,,0,0,1,1,14.961095,17.740561,0.058549,0.000175,0.000513,0,15.024707,0.058549,14.285714,3.117557,1,LANDER HULL,0,0.244273,57.339842,5.199921,-10,1.924951,3,0.5,,-128.599167,,5.4,1,1
11.84,12,-65,8,-5.502027,-39.990463,0.242768,66.772921,,,0,0,1,1,14.960947,17.741093,0.058747,0.000169,0.000548,0,15.024791,0.058747,14.285714,3.117558,1,LANDER HULL,0,0.242768,57.111231,5.199922,-10,1.924951,3,0.5,,-128.599167,,5.4,1,1
11.88,12,-65,8,-5.501931,-39.98628,0.239226,66.772921,,,0,0,1,1,14.960799,17.740471,0.058944,0.000175,0.000507,0,15.024875,0.058944,14.285714,3.117558,1,LANDER HULL,0,0.239226,56.582109,5.199924,-10,1.924951,3,0.5,,-128.599167,,5.4,1,1
11.92,12,-65,8,-5.499673,-39.985945,0.237996,66.772921,,,0,0,1,1,14.960652,17.741044,0.059141,0.000133,0.000555,0,15.024958,0.059141,14.285714,3.117559,1,LANDER HULL,0,0.237996,56.886808,5.199925,-10,1.924951,3,0.5,,-128.599167,,5.4,1,1
11.96,12,-65,8,-5.498203,-39.982239,0.23428,66.772921,,,0,0,1,1,14.960504,17.740921,0.059338,0.000119,0.000551,0,15.025042,0.059338,14.285714,3.117561,1,LANDER HULL,0,0.23428,56.623386,5.199927,-10,1.924951,3,0.5,,-128.599167,,5.4,1,1
12,12,-65,8,-5.497643,-39.979563,0.231811,66.772921,,,0,0,1,1,14.960357,17.74022,0.059535,0.000114,0.000508,0,15.025126,0.059535,14.285714,3.117561,1,LANDER HULL,0,0.231811,56.348465,5.199929,-10,1.924951,3,0.5,,-128.599167,,5.4,1,1
12.04,12,-65,8,-5.497236,-39.977304,0.22976,66.772921,,,0,0,1,1,14.960209,17.740048,0.059732,0.000171,0.00048,0,15.025209,0.059732,14.285714,3.117562,1,LANDER HULL,0,0.22976,56.1013,5.19993,-10,1.924951,3,0.5,,-128.599167,,5.4,1,1
12.08,12,-65,8,-5.497135,-39.977304,0.229717,66.772921,,,0,0,1,1,14.960061,17.740419,0.059929,0.00017,0.000506,0,15.025293,0.059929,14.285714,3.117562,1,LANDER HULL,0,0.229717,56.117259,5.19993,-10,1.924951,3,0.5,,-128.599167,,5.4,1,1
12.12,12,-65,8,-5.49704,-39.976682,0.22916,66.772921,,,0,0,1,1,14.959914,17.741051,0.060126,0.000175,0.000544,0,15.025377,0.060126,14.285714,3.117562,1,LANDER HULL,0,0.22916,56.045907,5.199931,-10,1.924951,3,0.5,,-128.599167,,5.4,1,1
12.16,12,-65,8,-5.495529,-39.975927,0.227888,66.772921,,,0,0,1,1,14.959766,17.740314,0.060323,0.000133,0.00051,0,15.02546,0.060323,14.285714,3.117563,1,LANDER HULL,0,0.227888,56.182287,5.199931,-10,1.924951,3,0.5,,-128.599167,,5.4,1,1
12.2,12,-65,8,-5.493408,-39.975571,0.226691,66.772921,,,0,0,1,1,14.959618,17.741017,0.060521,0.000123,0.000556,0,15.025544,0.060521,14.285714,3.117564,1,LANDER HULL,0,0.226691,56.474911,5.199932,-10,1.924951,3,0.5,,-128.599167,,5.4,1,1
12.24,12,-65,8,-5.492864,-39.975141,0.226102,66.772921,,,0,0,1,1,14.959471,17.741008,0.060718,0.000119,0.000556,0,15.025627,0.060718,14.285714,3.117564,1,LANDER HULL,0,0.226102,56.503079,5.199932,-10,1.924951,3,0.5,,-128.599167,,5.4,1,1
12.28,12,-65,8,-5.49272,-39.975024,0.225943,66.772921,,,0,0,1,1,14.959323,17.740287,0.060915,0.000165,0.000499,0,15.025711,0.060915,14.285714,3.117564,1,LANDER HULL,0,0.225943,56.510192,5.199932,-10,1.924951,3,0.5,,-128.599167,,5.4,1,1
12.32,12,-65,8,-5.49227,-39.973995,0.224895,66.772921,,,0,0,1,1,14.959176,17.740191,0.061112,0.000133,0.000502,0,15.025795,0.061112,14.285714,3.117564,1,LANDER HULL,0,0.224895,56.439163,5.199933,-10,1.924951,3,0.5,,-128.599167,,5.4,1,1
12.36,12,-65,8,-5.490839,-39.97359,0.223952,66.772921,,,0,0,1,1,14.959028,17.740493,0.061309,0.000125,0.000523,0,15.025878,0.061309,14.285714,3.117565,1,LANDER HULL,0,0.223952,56.616562,5.199934,-10,1.924951,3,0.5,,-128.599167,,5.4,1,1
12.4,12,-65,8,-5.487913,-39.971382,0.220876,66.772921,,,0,0,1,1,14.958881,17.741115,0.061506,0.000173,0.000548,0,15.025962,0.061506,14.285714,3.117567,1,LANDER HULL,0,0.220876,56.78896,5.199935,-10,1.924951,3,0.5,,-128.599167,,5.4,1,1
12.44,12,-65,8,-5.485463,-39.969005,0.217859,66.772921,,,0,0,1,1,14.958733,17.740776,0.061703,0.000128,0.00054,0,15.026046,0.061703,14.285714,3.117568,1,LANDER HULL,0,0.217859,56.861236,5.199937,-10,1.924951,3,0.5,,-128.599167,,5.4,1,1
12.48,12,-65,8,-5.48297,-39.967689,0.215714,66.772921,,,0,0,1,1,14.958586,17.74047,0.0619,0.000187,0.000503,0,15.026129,0.0619,14.285714,3.117569,1,LANDER HULL,0,0.215714,57.096684,5.199938,-10,1.924951,3,0.5,,-128.599167,,5.4,1,1
12.52,12,-65,8,-5.482346,-39.96757,0.215355,66.772921,,,0,0,1,1,14.958438,17.740649,0.062098,0.000154,0.000526,0,15.026213,0.062098,14.285714,3.117569,1,LANDER HULL,0,0.215355,57.186729,5.199939,-10,1.924951,3,0.5,,-128.599167,,5.4,1,1
12.56,12,-65,8,-5.482346,-39.9674,0.215212,66.772921,,,0,0,1,1,14.95829,17.740674,0.062295,0.000151,0.000528,0,15.026297,0.062295,14.285714,3.117569,1,LANDER HULL,0,0.215212,57.162134,5.199939,-10,1.924951,3,0.5,,-128.599167,,5.4,1,1
12.6,12,-65,8,-5.48128,-39.966504,0.214017,66.772921,,,0,0,1,1,14.958143,17.74049,0.062492,0.000096,0.000529,0,15.02638,0.062492,14.285714,3.11757,1,LANDER HULL,0,0.214017,57.216567,5.199939,-10,1.924951,3,0.5,,-128.599167,,5.4,1,1
12.64,12,-65,8,-5.48128,-39.965234,0.21295,66.772921,,,0,0,1,1,14.957996,17.740292,0.062689,0.000139,0.000507,0,15.026464,0.062689,14.285714,3.11757,1,LANDER HULL,0,0.21295,57.031545,5.19994,-10,1.924951,3,0.5,,-128.599167,,5.4,1,1
12.68,12,-65,8,-5.48128,-39.963955,0.211878,66.772921,,,0,0,1,1,14.957848,17.74035,0.062886,0.000128,0.000513,0,15.026548,0.062886,14.285714,3.11757,1,LANDER HULL,0,0.211878,56.843326,5.199941,-10,1.924951,3,0.5,,-128.599167,,5.4,1,1
12.72,12,-65,8,-5.48128,-39.961994,0.210239,66.772921,,,0,0,1,1,14.957701,17.741104,0.063083,0.000169,0.000549,0,15.026631,0.063083,14.285714,3.117571,1,LANDER HULL,0,0.210239,56.551074,5.199942,-10,1.924951,3,0.5,,-128.599167,,5.4,1,1
12.76,12,-65,8,-5.48128,-39.959395,0.208075,66.772921,,,0,0,1,1,14.957553,17.740528,0.06328,0.000144,0.000521,0,15.026715,0.06328,14.285714,3.117571,1,LANDER HULL,0,0.208075,56.156481,5.199943,-10,1.924951,3,0.5,,-128.599167,,5.4,1,1
12.8,12,-65,8,-5.48128,-39.958588,0.207405,66.772921,,,0,0,1,1,14.957406,17.741487,0.063477,0.000155,0.000576,0,15.026798,0.063477,14.285714,3.117571,1,LANDER HULL,0,0.207405,56.032308,5.199943,-10,1.924951,3,0.5,,-128.599167,,5.4,1,1
12.84,12,-65,8,-5.48128,-39.956852,0.205968,66.772921,,,0,0,1,1,14.957258,17.740801,0.063675,0.000161,0.000533,0,15.026882,0.063675,14.285714,3.117572,1,LANDER HULL,0,0.205968,55.762506,5.199944,-10,1.924951,3,0.5,,-128.599167,,5.4,1,1
12.88,12,-65,8,-5.48128,-39.956062,0.205315,66.772921,,,0,0,1,1,14.957111,17.740417,0.063872,0.000165,0.000507,0,15.026966,0.063872,14.285714,3.117572,1,LANDER HULL,0,0.205315,55.638513,5.199944,-10,1.924951,3,0.5,,-128.599167,,5.4,1,1
12.92,12,-65,8,-5.481232,-39.955883,0.205147,66.772921,,,0,0,1,1,14.956963,17.740612,0.064069,0.000173,0.000517,0,15.027049,0.064069,14.285714,3.117572,1,LANDER HULL,0,0.205147,55.618824,5.199944,-10,1.924951,3,0.5,,-128.599167,,5.4,1,1
12.96,12,-65,8,-5.478713,-39.95469,0.203074,66.772921,,,0,0,1,1,14.956816,17.740359,0.064266,0.000117,0.000517,0,15.027133,0.064266,14.285714,3.117573,1,LANDER HULL,0,0.203074,55.879927,5.199945,-10,1.924951,3,0.5,,-128.599167,,5.4,1,1
13,12,-65,8,-5.478673,-39.954402,0.202818,66.772921,,,0,0,1,1,14.956669,17.740032,0.064463,0.000114,0.000496,0,15.027217,0.064463,14.285714,3.117573,1,LANDER HULL,0,0.202818,55.841665,5.199946,-10,1.924951,3,0.5,,-128.599167,,5.4,1,1
13.04,12,-65,8,-5.478673,-39.954402,0.202818,66.772921,,,0,0,1,1,14.956521,17.740618,0.06466,0.000119,0.000533,0,15.0273,0.06466,14.285714,3.117573,1,LANDER HULL,0,0.202818,55.841665,5.199946,-10,1.924951,3,0.5,,-128.599167,,5.4,1,1
13.08,12,-65,8,-5.477662,-39.954276,0.20228,66.772921,,,0,0,1,1,14.956374,17.740007,0.064857,0.000115,0.000494,0,15.027384,0.064857,14.285714,3.117573,1,LANDER HULL,0,0.20228,56.003775,5.199946,-10,1.924951,3,0.5,,-128.599167,,5.4,1,1
13.12,12,-65,8,-5.477627,-39.953496,0.201618,66.772921,,,0,0,1,1,14.956226,17.7399,0.065054,0.000109,0.000488,0,15.027467,0.065054,14.285714,3.117574,1,LANDER HULL,0,0.201618,55.88632,5.199946,-10,1.924951,3,0.5,,-128.599167,,5.4,1,1
13.16,12,-65,8,-5.477627,-39.951069,0.199614,66.772921,,,0,0,1,1,14.956079,17.740192,0.065251,0.000169,0.000491,0,15.027551,0.065251,14.285714,3.117574,1,LANDER HULL,0,0.199614,55.495687,5.199947,-10,1.924951,3,0.5,,-128.599167,,5.4,1,1
13.2,12,-65,8,-5.477627,-39.947377,0.196582,66.772921,,,0,0,1,1,14.955932,17.740483,0.065449,0.000148,0.000517,0,15.027635,0.065449,14.285714,3.117575,1,LANDER HULL,0,0.196582,54.886117,5.199949,-10,1.924951,3,0.5,,-128.599167,,5.4,1,1
13.24,12,-65,8,-5.477282,-39.944921,0.194425,66.772921,,,0,0,1,1,14.955784,17.740195,0.065646,0.000163,0.000493,0,15.027718,0.065646,14.285714,3.117575,1,LANDER HULL,0,0.194425,54.533755,5.19995,-10,1.924951,3,0.5,,-128.599167,,5.4,1,1
13.28,12,-65,8,-5.477121,-39.94225,0.192184,66.772921,,,0,0,1,1,14.955637,17.740342,0.065843,0.00013,0.000512,0,15.027802,0.065843,14.285714,3.117576,1,LANDER HULL,0,0.192184,54.101666,5.199951,-10,1.924951,3,0.5,,-128.599167,,5.4,1,1
13.32,12,-65,8,-5.477121,-39.94225,0.192184,66.772921,,,0,0,1,1,14.95549,17.740273,0.06604,0.00013,0.000508,0,15.027886,0.06604,14.285714,3.117576,1,LANDER HULL,0,0.192184,54.101666,5.199951,-10,1.924951,3,0.5,,-128.599167,,5.4,1,1
13.36,12,-65,8,-5.477092,-39.941729,0.191749,66.772921,,,0,0,1,1,14.955342,17.741199,0.066237,0.000172,0.000554,0,15.027969,0.066237,14.285714,3.117576,1,LANDER HULL,0,0.191749,54.015998,5.199951,-10,1.924951,3,0.5,,-128.599167,,5.4,1,1
13.4,12,-65,8,-5.477092,-39.938807,0.189392,66.772921,,,0,0,1,1,14.955195,17.740613,0.066434,0.000138,0.000528,0,15.028053,0.066434,14.285714,3.117576,1,LANDER HULL,0,0.189392,53.49656,5.199953,-10,1.924951,3,0.5,,-128.599167,,5.4,1,1
13.44,12,-65,8,-5.476991,-39.934651,0.186021,66.772921,,,0,0,1,1,14.955048,17.740046,0.066631,0.000174,0.000479,0,15.028136,0.066631,14.285714,3.117577,1,LANDER HULL,0,0.186021,52.754224,5.199954,-10,1.924951,3,0.5,,-128.599167,,5.4,1,1
13.48,12,-65,8,-5.475006,-39.932405,0.183312,66.772921,,,0,0,1,1,14.9549,17.74092,0.066828,0.000181,0.000534,0,15.02822,0.066828,14.285714,3.117578,1,LANDER HULL,0,0.183312,52.709373,5.199956,-10,1.924951,3,0.5,,-128.599167,,5.4,1,1
13.52,12,-65,8,-5.474849,-39.930945,0.182079,66.772921,,,0,0,1,1,14.954753,17.740646,0.067025,0.000158,0.000524,0,15.028304,0.067025,14.285714,3.117578,1,LANDER HULL,0,0.182079,52.461348,5.199956,-10,1.924951,3,0.5,,-128.599167,,5.4,1,1
13.56,12,-65,8,-5.474486,-39.930945,0.18191,66.772921,,,0,0,1,1,14.954606,17.740287,0.067223,0.000152,0.000503,0,15.028387,0.067223,14.285714,3.117579,1,LANDER HULL,0,0.18191,52.530917,5.199956,-10,1.924951,3,0.5,,-128.599167,,5.4,1,1
13.6,12,-65,8,-5.474486,-39.930945,0.18191,66.772921,,,0,0,1,1,14.954458,17.740414,0.06742,0.000163,0.000508,0,15.028471,0.06742,14.285714,3.117579,1,LANDER HULL,0,0.18191,52.530917,5.199956,-10,1.924951,3,0.5,,-128.599167,,5.4,1,1
13.64,12,-65,8,-5.474486,-39.930777,0.181776,66.772921,,,0,0,1,1,14.954311,17.740116,0.067617,0.000123,0.000499,0,15.028555,0.067617,14.285714,3.117579,1,LANDER HULL,0,0.181776,52.498618,5.199956,-10,1.924951,3,0.5,,-128.599167,,5.4,1,1
13.68,12,-65,8,-5.47391,-39.930777,0.181508,66.772921,,,0,0,1,1,14.954164,17.740577,0.067814,0.000178,0.000513,0,15.028638,0.067814,14.285714,3.117579,1,LANDER HULL,0,0.181508,52.609666,5.199956,-10,1.924951,3,0.5,,-128.599167,,5.4,1,1
13.72,12,-65,8,-5.472323,-39.930683,0.180696,66.772921,,,0,0,1,1,14.954017,17.740835,0.068011,0.000169,0.000532,0,15.028722,0.068011,14.285714,3.117579,1,LANDER HULL,0,0.180696,52.899126,5.199957,-10,1.924951,3,0.5,,-128.599167,,5.4,1,1
13.76,12,-65,8,-5.470565,-39.929939,0.179291,66.772921,,,0,0,1,1,14.953869,17.740918,0.068208,0.000136,0.000547,0,15.028805,0.068208,14.285714,3.11758,1,LANDER HULL,0,0.179291,53.100613,5.199957,-10,1.924951,3,0.5,,-128.599167,,5.4,1,1
13.8,12,-65,8,-5.47037,-39.928753,0.178254,66.772921,,,0,0,1,1,14.953722,17.740743,0.068405,0.000133,0.000537,0,15.028889,0.068405,14.285714,3.117581,1,LANDER HULL,0,0.178254,52.91025,5.199958,-10,1.924951,3,0.5,,-128.599167,,5.4,1,1
13.84,12,-65,8,-5.469563,-39.926804,0.176327,66.772921,,,0,0,1,1,14.953575,17.740694,0.068602,0.000137,0.000533,0,15.028973,0.068602,14.285714,3.117581,1,LANDER HULL,0,0.176327,52.689227,5.199959,-10,1.924951,3,0.5,,-128.599167,,5.4,1,1
13.88,12,-65,8,-5.466354,-39.925497,0.1738,66.772921,,,0,0,1,1,14.953428,17.74076,0.0688,0.00011,0.000543,0,15.029056,0.0688,14.285714,3.117583,1,LANDER HULL,0,0.1738,53.075315,5.19996,-10,1.924951,3,0.5,,-128.599167,,5.4,1,1
13.92,12,-65,8,-5.4639,-39.923751,0.171274,66.772921,,,0,0,1,1,14.953281,17.740633,0.068997,0.00014,0.000528,0,15.02914,0.068997,14.285714,3.117584,1,LANDER HULL,0,0.171274,53.229409,5.199961,-10,1.924951,3,0.5,,-128.599167,,5.4,1,1
13.96,12,-65,8,-5.46127,-39.92192,0.1686,66.772921,,,0,0,1,1,14.953133,17.741023,0.069194,0.000126,0.000556,0,15.029223,0.069194,14.285714,3.117585,1,LANDER HULL,0,0.1686,53.407565,5.199962,-10,1.924951,3,0.5,,-128.599167,,5.4,1,1
14,12,-65,8,-5.45816,-39.920569,0.166098,66.772921,,,0,0,1,1,14.952986,17.740433,0.069391,0.0001,0.000525,0,15.029307,0.069391,14.285714,3.117587,1,LANDER HULL,0,0.166098,53.792219,5.199964,-10,1.924951,3,0.5,,-128.599167,,5.4,1,1
14.04,12,-65,8,-5.455779,-39.919112,0.163845,66.772921,,,0,0,1,1,14.952839,17.740432,0.069588,0.000144,0.000514,0,15.029391,0.069588,14.285714,3.117588,1,LANDER HULL,0,0.163845,54.008149,5.199964,-10,1.924951,3,0.5,,-128.599167,,5.4,1,1
14.08,12,-65,8,-5.45439,-39.918486,0.162713,66.772921,,,0,0,1,1,14.952692,17.740722,0.069785,0.000132,0.000536,0,15.029474,0.069785,14.285714,3.117589,1,LANDER HULL,0,0.162713,54.183104,5.199965,-10,1.924951,3,0.5,,-128.599167,,5.4,1,1
14.12,12,-65,8,-5.45439,-39.916996,0.161507,66.772921,,,0,0,1,1,14.952545,17.741319,0.069982,0.00016,0.000564,0,15.029558,0.069982,14.285714,3.117589,1,LANDER HULL,0,0.161507,53.873849,5.199965,-10,1.924951,3,0.5,,-128.599167,,5.4,1,1
14.16,12,-65,8,-5.45439,-39.915173,0.160038,66.772921,,,0,0,1,1,14.952398,17.740338,0.070179,0.000149,0.000507,0,15.029641,0.070179,14.285714,3.117589,1,LANDER HULL,0,0.160038,53.4889,5.199966,-10,1.924951,3,0.5,,-128.599167,,5.4,1,1
14.2,12,-65,8,-5.45439,-39.912462,0.157868,66.772921,,,0,0,1,1,14.952251,17.739777,0.070377,0.000157,0.000466,0,15.029725,0.070377,14.285714,3.11759,1,LANDER HULL,0,0.157868,52.9036,5.199967,-10,1.924951,3,0.5,,-128.599167,,5.4,1,1
14.24,12,-65,8,-5.45439,-39.91095,0.156664,66.772921,,,0,0,1,1,14.952103,17.740145,0.070574,0.000101,0.000506,0,15.029809,0.070574,14.285714,3.11759,1,LANDER HULL,0,0.156664,52.570023,5.199968,-10,1.924951,3,0.5,,-128.599167,,5.4,1,1
14.28,12,-65,8,-5.45439,-39.91095,0.156664,66.772921,,,0,0,1,1,14.951956,17.740712,0.070771,0.000116,0.000539,0,15.029892,0.070771,14.285714,3.11759,1,LANDER HULL,0,0.156664,52.570023,5.199968,-10,1.924951,3,0.5,,-128.599167,,5.4,1,1
14.32,12,-65,8,-5.45439,-39.91095,0.156664,66.772921,,,0,0,1,1,14.951809,17.739871,0.070968,0.000154,0.000474,0,15.029976,0.070968,14.285714,3.11759,1,LANDER HULL,0,0.156664,52.570023,5.199968,-10,1.924951,3,0.5,,-128.599167,,5.4,1,1
14.36,12,-65,8,-5.45439,-39.91095,0.156664,66.772921,,,0,0,1,1,14.951662,17.740109,0.071165,0.000118,0.0005,0,15.030059,0.071165,14.285714,3.11759,1,LANDER HULL,0,0.156664,52.570023,5.199968,-10,1.924951,3,0.5,,-128.599167,,5.4,1,1
14.4,12,-65,8,-5.45439,-39.910873,0.156602,66.772921,,,0,0,1,1,14.951515,17.740154,0.071362,0.000121,0.000502,0,15.030143,0.071362,14.285714,3.11759,1,LANDER HULL,0,0.156602,52.552796,5.199968,-10,1.924951,3,0.5,,-128.599167,,5.4,1,1
14.44,12,-65,8,-5.45437,-39.910873,0.156593,66.772921,,,0,0,1,1,14.951368,17.739916,0.071559,0.000107,0.00049,0,15.030227,0.071559,14.285714,3.11759,1,LANDER HULL,0,0.156593,52.557368,5.199968,-10,1.924951,3,0.5,,-128.599167,,5.4,1,1
14.48,12,-65,8,-5.45437,-39.910843,0.15657,66.772921,,,0,0,1,1,14.951221,17.74029,0.071756,0.000142,0.000506,0,15.03031,0.071756,14.285714,3.11759,1,LANDER HULL,0,0.15657,52.550888,5.199968,-10,1.924951,3,0.5,,-128.599167,,5.4,1,1
14.52,12,-65,8,-5.45437,-39.910843,0.15657,66.772921,,,0,0,1,1,14.951074,17.740641,0.071953,0.000136,0.00053,0,15.030394,0.071953,14.285714,3.11759,1,LANDER HULL,0,0.15657,52.550888,5.199968,-10,1.924951,3,0.5,,-128.599167,,5.4,1,1
14.56,12,-65,8,-5.45437,-39.910843,0.15657,66.772921,,,0,0,1,1,14.950926,17.74007,0.072151,0.000151,0.000488,0,15.030477,0.072151,14.285714,3.11759,1,LANDER HULL,0,0.15657,52.550888,5.199968,-10,1.924951,3,0.5,,-128.599167,,5.4,1,1
14.6,12,-65,8,-5.453507,-39.909832,0.155365,66.772921,,,0,0,1,1,14.950779,17.740186,0.072348,0.000145,0.000498,0,15.030561,0.072348,14.285714,3.117591,1,LANDER HULL,0,0.155365,52.518499,5.199968,-10,1.924951,3,0.5,,-128.599167,,5.4,1,1
14.64,12,-65,8,-5.452161,-39.90933,0.154339,66.772921,,,0,0,1,1,14.950632,17.740935,0.072545,0.000137,0.000548,0,15.030645,0.072545,14.285714,3.117591,1,LANDER HULL,0,0.154339,52.709958,5.199968,-10,1.924951,3,0.5,,-128.599167,,5.4,1,1
14.68,12,-65,8,-5.452073,-39.90801,0.153249,66.772921,,,0,0,1,1,14.950485,17.740907,0.072742,0.000175,0.000535,0,15.030728,0.072742,14.285714,3.117591,1,LANDER HULL,0,0.153249,52.431226,5.199969,-10,1.924951,3,0.5,,-128.599167,,5.4,1,1
14.72,12,-65,8,-5.450111,-39.906916,0.151466,66.772921,,,0,0,1,1,14.950338,17.740573,0.072939,0.000127,0.000528,0,15.030812,0.072939,14.285714,3.117592,1,LANDER HULL,0,0.151466,52.631443,5.19997,-10,1.924951,3,0.5,,-128.599167,,5.4,1,1
14.76,12,-65,8,-5.450103,-39.906916,0.151462,66.772921,,,0,0,1,1,14.950191,17.740452,0.073136,0.000139,0.000517,0,15.030895,0.073136,14.285714,3.117592,1,LANDER HULL,0,0.151462,52.633253,5.19997,-10,1.924951,3,0.5,,-128.599167,,5.4,1,1
14.8,12,-65,8,-5.450103,-39.906916,0.151462,66.772921,,,0,0,1,1,14.950044,17.740667,0.073333,0.000131,0.000533,0,15.030979,0.073333,14.285714,3.117592,1,LANDER HULL,0,0.151462,52.633253,5.19997,-10,1.924951,3,0.5,,-128.599167,,5.4,1,1
14.84,12,-65,8,-5.450103,-39.906916,0.151462,66.772921,,,0,0,1,1,14.949897,17.740429,0.07353,0.000138,0.000516,0,15.031063,0.07353,14.285714,3.117592,1,LANDER HULL,0,0.151462,52.633253,5.19997,-10,1.924951,3,0.5,,-128.599167,,5.4,1,1
14.88,12,-65,8,-5.449954,-39.90691,0.151388,66.772921,,,0,0,1,1,14.94975,17.740674,0.073727,0.000168,0.000523,0,15.031146,0.073727,14.285714,3.117592,1,LANDER HULL,0,0.151388,52.666244,5.19997,-10,1.924951,3,0.5,,-128.599167,,5.4,1,1
14.92,12,-65,8,-5.449352,-39.90691,0.151109,66.772921,,,0,0,1,1,14.949603,17.740177,0.073925,0.000148,0.000496,0,15.03123,0.073925,14.285714,3.117593,1,LANDER HULL,0,0.151109,52.805787,5.19997,-10,1.924951,3,0.5,,-128.599167,,5.4,1,1
14.96,12,-65,8,-5.449352,-39.90691,0.151109,66.772921,,,0,0,1,1,14.949456,17.74046,0.074122,0.000118,0.000523,0,15.031313,0.074122,14.285714,3.117593,1,LANDER HULL,0,0.151109,52.805787,5.19997,-10,1.924951,3,0.5,,-128.599167,,5.4,1,1
15,12,-65,8,-5.449096,-39.90691,0.15099,66.772921,,,0,0,1,1,14.949309,17.740774,0.074319,0.000157,0.000532,0,15.031397,0.074319,14.285714,3.117593,1,LANDER HULL,0,0.15099,52.865482,5.19997,-10,1.924951,3,0.5,,-128.599167,,5.4,1,1
15.04,12,-65,8,-5.449096,-39.906378,0.150566,66.772921,,,0,0,1,1,14.949163,17.740914,0.074516,0.000154,0.000542,0,15.031481,0.074516,14.285714,3.117593,1,LANDER HULL,0,0.150566,52.743341,5.19997,-10,1.924951,3,0.5,,-128.599167,,5.4,1,1
15.08,12,-65,8,-5.449096,-39.904207,0.148844,66.772921,,,0,0,1,1,14.949016,17.74046,0.074713,0.000156,0.000513,0,15.031564,0.074713,14.285714,3.117593,1,LANDER HULL,0,0.148844,52.237389,5.199971,-10,1.924951,3,0.5,,-128.599167,,5.4,1,1
15.12,12,-65,8,-5.448284,-39.903982,0.148285,66.772921,,,0,0,1,1,14.948869,17.740445,0.07491,0.000152,0.000513,0,15.031648,0.07491,14.285714,3.117594,1,LANDER HULL,0,0.148285,52.374863,5.199971,-10,1.924951,3,0.5,,-128.599167,,5.4,1,1
15.16,12,-65,8,-5.447624,-39.902945,0.147155,66.772921,,,0,0,1,1,14.948722,17.740554,0.075107,0.000142,0.000523,0,15.031731,0.075107,14.285714,3.117594,1,LANDER HULL,0,0.147155,52.285024,5.199971,-10,1.924951,3,0.5,,-128.599167,,5.4,1,1
15.2,12,-65,8,-5.446058,-39.901066,0.144934,66.772921,,,0,0,1,1,14.948575,17.740482,0.075304,0.000111,0.000526,0,15.031815,0.075304,14.285714,3.117595,1,LANDER HULL,0,0.144934,52.207244,5.199972,-10,1.924951,3,0.5,,-128.599167,,5.4,1,1
15.24,12,-65,8,-5.445316,-39.899875,0.143644,66.772921,,,0,0,1,1,14.948428,17.740774,0.075502,0.000124,0.000541,0,15.031899,0.075502,14.285714,3.117595,1,LANDER HULL,0,0.143644,52.095843,5.199973,-10,1.924951,3,0.5,,-128.599167,,5.4,1,1
15.28,12,-65,8,-5.444243,-39.898732,0.142236,66.772921,,,0,0,1,1,14.948281,17.741103,0.075699,0.000153,0.000554,0,15.031982,0.075699,14.285714,3.117596,1,LANDER HULL,0,0.142236,52.075337,5.199973,-10,1.924951,3,0.5,,-128.599167,,5.4,1,1
15.32,12,-65,8,-5.444243,-39.895629,0.139802,66.772921,,,0,0,1,1,14.948134,17.741249,0.075896,0.000156,0.000561,0,15.032066,0.075896,14.285714,3.117597,1,LANDER HULL,0,0.139802,51.293701,5.199974,-10,1.924951,3,0.5,,-128.599167,,5.4,1,1
15.36,12,-65,8,-5.444134,-39.890169,0.13553,66.772921,,,0,0,1,1,14.947987,17.740597,0.076093,0.000176,0.000515,0,15.032149,0.076093,14.285714,3.117598,1,LANDER HULL,0,0.13553,49.87793,5.199976,-10,1.924951,3,0.5,,-128.599167,,5.4,1,1
15.4,12,-65,8,-5.44217,-39.890169,0.134564,66.772921,,,0,0,1,1,14.94784,17.740264,0.07629,0.000136,0.000506,0,15.032233,0.07629,14.285714,3.117598,1,LANDER HULL,0,0.134564,50.369803,5.199976,-10,1.924951,3,0.5,,-128.599167,,5.4,1,1
15.44,12,-65,8,-5.441271,-39.889812,0.133849,66.772921,,,0,0,1,1,14.947694,17.739792,0.076487,0.000127,0.000476,0,15.032316,0.076487,14.285714,3.117599,1,LANDER HULL,0,0.133849,50.500289,5.199976,-10,1.924951,3,0.5,,-128.599167,,5.4,1,1
15.48,12,-65,8,-5.441271,-39.889638,0.133715,66.772921,,,0,0,1,1,14.947547,17.740732,0.076684,0.000168,0.000526,0,15.0324,0.076684,14.285714,3.117599,1,LANDER HULL,0,0.133715,50.452921,5.199976,-10,1.924951,3,0.5,,-128.599167,,5.4,1,1
15.52,12,-65,8,-5.441271,-39.889528,0.13363,66.772921,,,0,0,1,1,14.9474,17.740563,0.076881,0.000142,0.000523,0,15.032484,0.076881,14.285714,3.117599,1,LANDER HULL,0,0.13363,50.422716,5.199976,-10,1.924951,3,0.5,,-128.599167,,5.4,1,1
15.56,12,-65,8,-5.441233,-39.889351,0.133475,66.772921,,,0,0,1,1,14.947253,17.741083,0.077078,0.000173,0.000547,0,15.032567,0.077078,14.285714,3.117599,1,LANDER HULL,0,0.133475,50.383882,5.199976,-10,1.924951,3,0.5,,-128.599167,,5.4,1,1
15.6,12,-65,8,-5.440949,-39.889334,0.133323,66.772921,,,0,0,1,1,14.947106,17.740655,0.077276,0.000182,0.000517,0,15.032651,0.077276,14.285714,3.117599,1,LANDER HULL,0,0.133323,50.451748,5.199976,-10,1.924951,3,0.5,,-128.599167,,5.4,1,1
15.64,12,-65,8,-5.438791,-39.889332,0.132273,66.772921,,,0,0,1,1,14.946959,17.740034,0.077473,0.000139,0.00049,0,15.032734,0.077473,14.285714,3.1176,1,LANDER HULL,0,0.132273,51.005668,5.199977,-10,1.924951,3,0.5,,-128.599167,,5.4,1,1
15.68,12,-65,8,-5.437295,-39.889332,0.131554,66.772921,,,0,0,1,1,14.946813,17.740487,0.07767,0.000154,0.000515,0,15.032818,0.07767,14.285714,3.1176,1,LANDER HULL,0,0.131554,51.395202,5.199977,-10,1.924951,3,0.5,,-128.599167,,5.4,1,1
15.72,12,-65,8,-5.437295,-39.889199,0.13145,66.772921,,,0,0,1,1,14.946666,17.740773,0.077867,0.000099,0.000546,0,15.032902,0.077867,14.285714,3.1176,1,LANDER HULL,0,0.13145,51.359107,5.199977,-10,1.924951,3,0.5,,-128.599167,,5.4,1,1
15.76,12,-65,8,-5.437295,-39.888842,0.131172,66.772921,,,0,0,1,1,14.946519,17.740384,0.078064,0.000117,0.000518,0,15.032985,0.078064,14.285714,3.1176,1,LANDER HULL,0,0.131172,51.261811,5.199977,-10,1.924951,3,0.5,,-128.599167,,5.4,1,1
15.8,12,-65,8,-5.437295,-39.888842,0.131172,66.772921,,,0,0,1,1,14.946372,17.740847,0.078261,0.00016,0.000536,0,15.033069,0.078261,14.285714,3.1176,1,LANDER HULL,0,0.131172,51.261811,5.199977,-10,1.924951,3,0.5,,-128.599167,,5.4,1,1
15.84,12,-65,8,-5.437295,-39.888556,0.130948,66.772921,,,0,0,1,1,14.946226,17.740109,0.078458,0.000157,0.000489,0,15.033152,0.078458,14.285714,3.117601,1,LANDER HULL,0,0.130948,51.183281,5.199977,-10,1.924951,3,0.5,,-128.599167,,5.4,1,1
15.88,12,-65,8,-5.437295,-39.887188,0.129885,66.772921,,,0,0,1,1,14.946079,17.740575,0.078655,0.000132,0.000527,0,15.033236,0.078655,14.285714,3.117601,1,LANDER HULL,0,0.129885,50.804987,5.199978,-10,1.924951,3,0.5,,-128.599167,,5.4,1,1
15.92,12,-65,8,-5.437295,-39.885596,0.128656,66.772921,,,0,0,1,1,14.945932,17.740233,0.078853,0.000164,0.000495,0,15.033319,0.078853,14.285714,3.117601,1,LANDER HULL,0,0.128656,50.357056,5.199978,-10,1.924951,3,0.5,,-128.599167,,5.4,1,1
15.96,12,-65,8,-5.437295,-39.88478,0.128028,66.772921,,,0,0,1,1,14.945785,17.740156,0.07905,0.000111,0.000505,0,15.033403,0.07905,14.285714,3.117601,1,LANDER HULL,0,0.128028,50.123975,5.199978,-10,1.924951,3,0.5,,-128.599167,,5.4,1,1
16,12,-65,8,-5.437295,-39.882898,0.12659,66.772921,,,0,0,1,1,14.945638,17.740283,0.079247,0.0001,0.000515,0,15.033487,0.079247,14.285714,3.117601,1,LANDER HULL,0,0.12659,49.578003,5.199979,-10,1.924951,3,0.5,,-128.599167,,5.4,1,1
16.04,12,-65,8,-5.437295,-39.882898,0.12659,66.772921,,,0,0,1,1,14.945492,17.740523,0.079444,0.000101,0.00053,0,15.03357,0.079444,14.285714,3.117601,1,LANDER HULL,0,0.12659,49.578003,5.199979,-10,1.924951,3,0.5,,-128.599167,,5.4,1,1
16.08,12,-65,8,-5.437295,-39.88247,0.126264,66.772921,,,0,0,1,1,14.945345,17.740488,0.079641,0.000099,0.000528,0,15.033654,0.079641,14.285714,3.117602,1,LANDER HULL,0,0.126264,49.452016,5.199979,-10,1.924951,3,0.5,,-128.599167,,5.4,1,1
16.12,12,-65,8,-5.437295,-39.88247,0.126264,66.772921,,,0,0,1,1,14.945198,17.740272,0.079838,0.000137,0.000506,0,15.033737,0.079838,14.285714,3.117602,1,LANDER HULL,0,0.126264,49.452016,5.199979,-10,1.924951,3,0.5,,-128.599167,,5.4,1,1
16.16,12,-65,8,-5.437295,-39.88085,0.125038,66.772921,,,0,0,1,1,14.945052,17.740465,0.080035,0.00011,0.000525,0,15.033821,0.080035,14.285714,3.117602,1,LANDER HULL,0,0.125038,48.969561,5.199979,-10,1.924951,3,0.5,,-128.599167,,5.4,1,1
16.2,12,-65,8,-5.437295,-39.880403,0.124701,66.772921,,,0,0,1,1,14.944905,17.741239,0.080232,0.00016,0.00056,0,15.033904,0.080232,14.285714,3.117602,1,LANDER HULL,0,0.124701,48.834768,5.199979,-10,1.924951,3,0.5,,-128.599167,,5.4,1,1
16.24,12,-65,8,-5.437295,-39.880157,0.124516,66.772921,,,0,0,1,1,14.944758,17.74074,0.080429,0.000111,0.000542,0,15.033988,0.080429,14.285714,3.117602,1,LANDER HULL,0,0.124516,48.760056,5.199979,-10,1.924951,3,0.5,,-128.599167,,5.4,1,1
16.28,12,-65,8,-5.437295,-39.879025,0.123666,66.772921,,,0,0,1,1,14.944612,17.740657,0.080627,0.000101,0.000539,0,15.034072,0.080627,14.285714,3.117602,1,LANDER HULL,0,0.123666,48.414236,5.19998,-10,1.924951,3,0.5,,-128.599167,,5.4,1,1
16.32,12,-65,8,-5.437295,-39.877822,0.122769,66.772921,,,0,0,1,1,14.944465,17.740827,0.080824,0.000118,0.000546,0,15.034155,0.080824,14.285714,3.117602,1,LANDER HULL,0,0.122769,48.041669,5.19998,-10,1.924951,3,0.5,,-128.599167,,5.4,1,1
16.36,12,-65,8,-5.437295,-39.874712,0.120475,66.772921,,,0,0,1,1,14.944318,17.740072,0.081021,0.000101,0.000501,0,15.034239,0.081021,14.285714,3.117603,1,LANDER HULL,0,0.120475,47.052937,5.199981,-10,1.924951,3,0.5,,-128.599167,,5.4,1,1
16.4,12,-65,8,-5.437295,-39.873307,0.11945,66.772921,,,0,0,1,1,14.944172,17.741359,0.081218,0.00016,0.000567,0,15.034322,0.081218,14.285714,3.117603,1,LANDER HULL,0,0.11945,46.593707,5.199981,-10,1.924951,3,0.5,,-128.599167,,5.4,1,1
16.44,12,-65,8,-5.437295,-39.871881,0.118418,66.772921,,,0,0,1,1,14.944025,17.740269,0.081415,0.000154,0.000501,0,15.034406,0.081415,14.285714,3.117603,1,LANDER HULL,0,0.118418,46.119368,5.199981,-10,1.924951,3,0.5,,-128.599167,,5.4,1,1
16.48,12,-65,8,-5.437295,-39.870048,0.117104,66.772921,,,0,0,1,1,14.943879,17.741246,0.081612,0.000118,0.000571,0,15.034489,0.081612,14.285714,3.117604,1,LANDER HULL,0,0.117104,45.497772,5.199982,-10,1.924951,3,0.5,,-128.599167,,5.4,1,1
16.52,12,-65,8,-5.437295,-39.869433,0.116666,66.772921,,,0,0,1,1,14.943732,17.74114,0.081809,0.00015,0.000557,0,15.034573,0.081809,14.285714,3.117604,1,LANDER HULL,0,0.116666,45.286161,5.199982,-10,1.924951,3,0.5,,-128.599167,,5.4,1,1
16.56,12,-65,8,-5.437295,-39.868888,0.11628,66.772921,,,0,0,1,1,14.943585,17.739912,0.082006,0.000118,0.000487,0,15.034657,0.082006,14.285714,3.117604,1,LANDER HULL,0,0.11628,45.097225,5.199982,-10,1.924951,3,0.5,,-128.599167,,5.4,1,1
16.6,12,-65,8,-5.437295,-39.868888,0.11628,66.772921,,,0,0,1,1,14.943439,17.740567,0.082204,0.000118,0.00053,0,15.03474,0.082204,14.285714,3.117604,1,LANDER HULL,0,0.11628,45.097225,5.199982,-10,1.924951,3,0.5,,-128.599167,,5.4,1,1
16.64,12,-65,8,-5.437295,-39.868888,0.11628,66.772921,,,0,0,1,1,14.943292,17.740739,0.082401,0.000163,0.000528,0,15.034824,0.082401,14.285714,3.117604,1,LANDER HULL,0,0.11628,45.097225,5.199982,-10,1.924951,3,0.5,,-128.599167,,5.4,1,1
16.68,12,-65,8,-5.437295,-39.868813,0.116226,66.772921,,,0,0,1,1,14.943145,17.740901,0.082598,0.000146,0.000543,0,15.034907,0.082598,14.285714,3.117604,1,LANDER HULL,0,0.116226,45.071071,5.199982,-10,1.924951,3,0.5,,-128.599167,,5.4,1,1
16.72,12,-65,8,-5.437295,-39.868593,0.116071,66.772921,,,0,0,1,1,14.942999,17.740752,0.082795,0.000126,0.000539,0,15.034991,0.082795,14.285714,3.117604,1,LANDER HULL,0,0.116071,44.994323,5.199982,-10,1.924951,3,0.5,,-128.599167,,5.4,1,1
16.76,12,-65,8,-5.437295,-39.868593,0.116071,66.772921,,,0,0,1,1,14.942852,17.740525,0.082992,0.000119,0.000527,0,15.035074,0.082992,14.285714,3.117604,1,LANDER HULL,0,0.116071,44.994323,5.199982,-10,1.924951,3,0.5,,-128.599167,,5.4,1,1
16.8,12,-65,8,-5.437295,-39.86832,0.115878,66.772921,,,0,0,1,1,14.942706,17.740067,0.083189,0.000108,0.000499,0,15.035158,0.083189,14.285714,3.117604,1,LANDER HULL,0,0.115878,44.898978,5.199982,-10,1.924951,3,0.5,,-128.599167,,5.4,1,1
16.84,12,-65,8,-5.437295,-39.86832,0.115878,66.772921,,,0,0,1,1,14.942559,17.740607,0.083386,0.000146,0.000525,0,15.035241,0.083386,14.285714,3.117604,1,LANDER HULL,0,0.115878,44.898978,5.199982,-10,1.924951,3,0.5,,-128.599167,,5.4,1,1
16.88,12,-65,8,-5.437295,-39.868224,0.11581,66.772921,,,0,0,1,1,14.942413,17.740295,0.083583,0.000133,0.000509,0,15.035325,0.083583,14.285714,3.117604,1,LANDER HULL,0,0.11581,44.865276,5.199982,-10,1.924951,3,0.5,,-128.599167,,5.4,1,1
16.92,12,-65,8,-5.437295,-39.868224,0.11581,66.772921,,,0,0,1,1,14.942266,17.740327,0.08378,0.000153,0.000505,0,15.035409,0.08378,14.285714,3.117604,1,LANDER HULL,0,0.11581,44.865276,5.199982,-10,1.924951,3,0.5,,-128.599167,,5.4,1,1
16.96,12,-65,8,-5.437295,-39.868224,0.11581,66.772921,,,0,0,1,1,14.94212,17.739875,0.083978,0.000129,0.000482,0,15.035492,0.083978,14.285714,3.117604,1,LANDER HULL,0,0.11581,44.865276,5.199982,-10,1.924951,3,0.5,,-128.599167,,5.4,1,1
17,12,-65,8,-5.43723,-39.868224,0.115775,66.772921,,,0,0,1,1,14.941973,17.74021,0.084175,0.000153,0.000497,0,15.035576,0.084175,14.285714,3.117604,1,LANDER HULL,0,0.115775,44.882536,5.199982,-10,1.924951,3,0.5,,-128.599167,,5.4,1,1
17.04,12,-65,8,-5.43723,-39.868004,0.11562,66.772921,,,0,0,1,1,14.941827,17.740277,0.084372,0.000166,0.000497,0,15.035659,0.084372,14.285714,3.117604,1,LANDER HULL,0,0.11562,44.805299,5.199982,-10,1.924951,3,0.5,,-128.599167,,5.4,1,1
17.08,12,-65,8,-5.437022,-39.867586,0.115212,66.772921,,,0,0,1,1,14.94168,17.740051,0.084569,0.000161,0.000484,0,15.035743,0.084569,14.285714,3.117604,1,LANDER HULL,0,0.115212,44.714325,5.199982,-10,1.924951,3,0.5,,-128.599167,,5.4,1,1
17.12,12,-65,8,-5.437022,-39.863902,0.11265,66.772921,,,0,0,1,1,14.941534,17.741021,0.084766,0.00016,0.000547,0,15.035826,0.084766,14.285714,3.117605,1,LANDER HULL,0,0.11265,43.382486,5.199983,-10,1.924951,3,0.5,,-128.599167,,5.4,1,1
17.16,12,-65,8,-5.437022,-39.862549,0.111725,66.772921,,,0,0,1,1,14.941387,17.740882,0.084963,0.000129,0.000546,0,15.03591,0.084963,14.285714,3.117605,1,LANDER HULL,0,0.111725,42.878131,5.199983,-10,1.924951,3,0.5,,-128.599167,,5.4,1,1
17.2,12,-65,8,-5.437022,-39.86092,0.110623,66.772921,,,0,0,1,1,14.941241,17.7407,0.08516,0.000121,0.000537,0,15.035993,0.08516,14.285714,3.117605,1,LANDER HULL,0,0.110623,42.260001,5.199984,-10,1.924951,3,0.5,,-128.599167,,5.4,1,1
17.24,12,-65,8,-5.437022,-39.86044,0.110301,66.772921,,,0,0,1,1,14.941094,17.740656,0.085357,0.000112,0.000536,0,15.036077,0.085357,14.285714,3.117605,1,LANDER HULL,0,0.110301,42.075505,5.199984,-10,1.924951,3,0.5,,-128.599167,,5.4,1,1
17.28,12,-65,8,-5.437022,-39.859526,0.109691,66.772921,,,0,0,1,1,14.940948,17.740346,0.085554,0.000158,0.000505,0,15.036161,0.085554,14.285714,3.117605,1,LANDER HULL,0,0.109691,41.721085,5.199984,-10,1.924951,3,0.5,,-128.599167,,5.4,1,1
17.32,12,-65,8,-5.437022,-39.859115,0.109418,66.772921,,,0,0,1,1,14.940801,17.740472,0.085752,0.000165,0.000511,0,15.036244,0.085752,14.285714,3.117606,1,LANDER HULL,0,0.109418,41.560573,5.199984,-10,1.924951,3,0.5,,-128.599167,,5.4,1,1
17.36,12,-65,8,-5.437022,-39.858035,0.108704,66.772921,,,0,0,1,1,14.940655,17.740273,0.085949,0.000157,0.0005,0,15.036328,0.085949,14.285714,3.117606,1,LANDER HULL,0,0.108704,41.134294,5.199984,-10,1.924951,3,0.5,,-128.599167,,5.4,1,1
17.4,12,-65,8,-5.436663,-39.856299,0.10736,66.772921,,,0,0,1,1,14.940509,17.739895,0.086146,0.000119,0.000485,0,15.036411,0.086146,14.285714,3.117606,1,LANDER HULL,0,0.10736,40.533327,5.199985,-10,1.924951,3,0.5,,-128.599167,,5.4,1,1
17.44,12,-65,8,-5.433435,-39.855466,0.104941,66.772921,,,0,0,1,1,14.940362,17.74027,0.086343,0.000137,0.000506,0,15.036495,0.086343,14.285714,3.117608,1,LANDER HULL,0,0.104941,41.068923,5.199985,-10,1.924951,3,0.5,,-128.599167,,5.4,1,1
17.48,12,-65,8,-5.431537,-39.855466,0.103846,66.772921,,,0,0,1,1,14.940216,17.740533,0.08654,0.000136,0.000523,0,15.036578,0.08654,14.285714,3.117608,1,LANDER HULL,0,0.103846,41.598305,5.199986,-10,1.924951,3,0.5,,-128.599167,,5.4,1,1
17.52,12,-65,8,-5.431223,-39.854468,0.103005,66.772921,,,0,0,1,1,14.94007,17.740568,0.086737,0.000122,0.000529,0,15.036662,0.086737,14.285714,3.117609,1,LANDER HULL,0,0.103005,41.272618,5.199986,-10,1.924951,3,0.5,,-128.599167,,5.4,1,1
17.56,12,-65,8,-5.431223,-39.853645,0.102464,66.772921,,,0,0,1,1,14.939923,17.740879,0.086934,0.000116,0.000549,0,15.036745,0.086934,14.285714,3.117609,1,LANDER HULL,0,0.102464,40.927046,5.199986,-10,1.924951,3,0.5,,-128.599167,,5.4,1,1
17.6,12,-65,8,-5.431223,-39.851278,0.100929,66.772921,,,0,0,1,1,14.939777,17.740678,0.087131,0.000124,0.000535,0,15.036829,0.087131,14.285714,3.117609,1,LANDER HULL,0,0.100929,39.911576,5.199987,-10,1.924951,3,0.5,,-128.599167,,5.4,1,1
17.64,12,-65,8,-5.431223,-39.848343,0.099072,66.772921,,,0,0,1,1,14.93963,17.740854,0.087329,0.000115,0.000548,0,15.036912,0.087329,14.285714,3.11761,1,LANDER HULL,0,0.099072,38.60963,5.199987,-10,1.924951,3,0.5,,-128.599167,,5.4,1,1
17.68,12,-65,8,-5.431214,-39.845805,0.097503,66.772921,,,0,0,1,1,14.939484,17.740041,0.087526,0.000119,0.000495,0,15.036996,0.087526,14.285714,3.11761,1,LANDER HULL,0,0.097503,37.446369,5.199987,-10,1.924951,3,0.5,,-128.599167,,5.4,1,1
17.72,12,-65,8,-5.431214,-39.843716,0.096247,66.772921,,,0,0,1,1,14.939338,17.740572,0.087723,0.000155,0.00052,0,15.03708,0.087723,14.285714,3.11761,1,LANDER HULL,0,0.096247,36.45901,5.199988,-10,1.924951,3,0.5,,-128.599167,,5.4,1,1
17.76,12,-65,8,-5.431214,-39.84371,0.096243,66.772921,,,0,0,1,1,14.939191,17.740833,0.08792,0.000156,0.000536,0,15.037163,0.08792,14.285714,3.11761,1,LANDER HULL,0,0.096243,36.456141,5.199988,-10,1.924951,3,0.5,,-128.599167,,5.4,1,1
17.8,12,-65,8,-5.430938,-39.84371,0.096073,66.772921,,,0,0,1,1,14.939045,17.740755,0.088117,0.000183,0.000523,0,15.037247,0.088117,14.285714,3.117611,1,LANDER HULL,0,0.096073,36.531317,5.199988,-10,1.924951,3,0.5,,-128.599167,,5.4,1,1
17.84,12,-65,8,-5.430456,-39.84371,0.095776,66.772921,,,0,0,1,1,14.938899,17.740189,0.088314,0.000136,0.000501,0,15.03733,0.088314,14.285714,3.117611,1,LANDER HULL,0,0.095776,36.663309,5.199988,-10,1.924951,3,0.5,,-128.599167,,5.4,1,1
17.88,12,-65,8,-5.428688,-39.84371,0.09469,66.772921,,,0,0,1,1,14.938752,17.739795,0.088511,0.000123,0.000477,0,15.037414,0.088511,14.285714,3.117611,1,LANDER HULL,0,0.09469,37.155098,5.199988,-10,1.924951,3,0.5,,-128.599167,,5.4,1,1
17.92,12,-65,8,-5.427941,-39.84371,0.094234,66.772921,,,0,0,1,1,14.938606,17.739972,0.088708,0.000127,0.000489,0,15.037497,0.088708,14.285714,3.117612,1,LANDER HULL,0,0.094234,37.366136,5.199988,-10,1.924951,3,0.5,,-128.599167,,5.4,1,1
17.96,12,-65,8,-5.427655,-39.84371,0.09406,66.772921,,,0,0,1,1,14.93846,17.740543,0.088905,0.000177,0.000511,0,15.037581,0.088905,14.285714,3.117612,1,LANDER HULL,0,0.09406,37.447371,5.199988,-10,1.924951,3,0.5,,-128.599167,,5.4,1,1
18,12,-65,8,-5.425252,-39.84371,0.092602,66.772921,,,0,0,1,1,14.938313,17.740724,0.089103,0.000123,0.000538,0,15.037664,0.089103,14.285714,3.117613,1,LANDER HULL,0,0.092602,38.143042,5.199989,-10,1.924951,3,0.5,,-128.599167,,5.4,1,1